<?xml version="1.0" encoding="UTF-8"?>
<gpx version="1.1" creator="hamevs" xmlns="http://www.topografix.com/GPX/1/1">
 <wpt lat="39.248487" lon="-106.292743"><name>Start: 6th &amp; Harrison, Leadville</name></wpt>
 <wpt lat="39.2813255" lon="-106.4406838"><name>May Queen: Aid 1 (out, no crew)</name></wpt>
 <wpt lat="39.2225487" lon="-106.3744369"><name>Outward Bound: Aid 2 (out, crew)</name></wpt>
 <wpt lat="39.189052" lon="-106.374687"><name>Pipeline: crew only (out)</name></wpt>
 <wpt lat="39.1609972" lon="-106.3683254"><name>Half Pipe: Aid 3 (out, no crew)</name></wpt>
 <wpt lat="39.0829367" lon="-106.3836188"><name>Twin Lakes: Aid 4 (out, crew)</name></wpt>
 <wpt lat="39.0264753" lon="-106.4023486"><name>Hopeless: Aid 5 (out, no crew)</name></wpt>
 <wpt lat="38.9833322" lon="-106.4402536"><name>Winfield: Aid 6 (turnaround, no crew)</name></wpt>
 <wpt lat="39.0264753" lon="-106.4023486"><name>Hopeless: Aid 7 (in, no crew)</name></wpt>
 <wpt lat="39.0829367" lon="-106.3836188"><name>Twin Lakes: Aid 8 (in, crew)</name></wpt>
 <wpt lat="39.1609972" lon="-106.3683254"><name>Half Pipe: Aid 9 (in, no crew)</name></wpt>
 <wpt lat="39.189999" lon="-106.375514"><name>Pipeline: crew only (in)</name></wpt>
 <wpt lat="39.2225487" lon="-106.3744369"><name>Outward Bound: Aid 10 (in, crew)</name></wpt>
 <wpt lat="39.2813255" lon="-106.4406838"><name>May Queen: Aid 11 (in, crew)</name></wpt>
 <wpt lat="39.248592" lon="-106.292707"><name>Finish: 6th &amp; Harrison, Leadville</name></wpt>
 <trk>
  <name>Leadville Trail 100</name>
  <type>trail_running</type>
  <trkseg>
   <trkpt lat="39.248487" lon="-106.292743">
    <ele>3089</ele>
   </trkpt>
   <trkpt lat="39.248369" lon="-106.293506">
    <ele>3086</ele>
   </trkpt>
   <trkpt lat="39.248028" lon="-106.295078">
    <ele>3080</ele>
   </trkpt>
   <trkpt lat="39.247165" lon="-106.298968">
    <ele>3079</ele>
   </trkpt>
   <trkpt lat="39.246922" lon="-106.300154">
    <ele>3083</ele>
   </trkpt>
   <trkpt lat="39.246421" lon="-106.302498">
    <ele>3078</ele>
   </trkpt>
   <trkpt lat="39.246164" lon="-106.303666">
    <ele>3072</ele>
   </trkpt>
   <trkpt lat="39.245426" lon="-106.306739">
    <ele>3050</ele>
   </trkpt>
   <trkpt lat="39.245287" lon="-106.306927">
    <ele>3049</ele>
   </trkpt>
   <trkpt lat="39.243937" lon="-106.306945">
    <ele>3049</ele>
   </trkpt>
   <trkpt lat="39.243687" lon="-106.30708">
    <ele>3047</ele>
   </trkpt>
   <trkpt lat="39.243311" lon="-106.307511">
    <ele>3044</ele>
   </trkpt>
   <trkpt lat="39.242748" lon="-106.307816">
    <ele>3044</ele>
   </trkpt>
   <trkpt lat="39.24265" lon="-106.308068">
    <ele>3043</ele>
   </trkpt>
   <trkpt lat="39.242609" lon="-106.309451">
    <ele>3034</ele>
   </trkpt>
   <trkpt lat="39.24256" lon="-106.310826">
    <ele>3029</ele>
   </trkpt>
   <trkpt lat="39.242421" lon="-106.312488">
    <ele>3025</ele>
   </trkpt>
   <trkpt lat="39.242344" lon="-106.313988">
    <ele>3021</ele>
   </trkpt>
   <trkpt lat="39.24224" lon="-106.314626">
    <ele>3020</ele>
   </trkpt>
   <trkpt lat="39.242254" lon="-106.315614">
    <ele>3016</ele>
   </trkpt>
   <trkpt lat="39.242184" lon="-106.317195">
    <ele>3011</ele>
   </trkpt>
   <trkpt lat="39.242059" lon="-106.318426">
    <ele>3009</ele>
   </trkpt>
   <trkpt lat="39.241927" lon="-106.319656">
    <ele>3006</ele>
   </trkpt>
   <trkpt lat="39.241836" lon="-106.320546">
    <ele>3007</ele>
   </trkpt>
   <trkpt lat="39.24217" lon="-106.323016">
    <ele>3003</ele>
   </trkpt>
   <trkpt lat="39.242282" lon="-106.324166">
    <ele>3001</ele>
   </trkpt>
   <trkpt lat="39.242191" lon="-106.325432">
    <ele>3000</ele>
   </trkpt>
   <trkpt lat="39.242038" lon="-106.32687">
    <ele>2994</ele>
   </trkpt>
   <trkpt lat="39.242066" lon="-106.328756">
    <ele>2986</ele>
   </trkpt>
   <trkpt lat="39.241892" lon="-106.32978">
    <ele>2984</ele>
   </trkpt>
   <trkpt lat="39.241537" lon="-106.330876">
    <ele>2980</ele>
   </trkpt>
   <trkpt lat="39.241175" lon="-106.331972">
    <ele>2977</ele>
   </trkpt>
   <trkpt lat="39.240765" lon="-106.333194">
    <ele>2974</ele>
   </trkpt>
   <trkpt lat="39.240348" lon="-106.334407">
    <ele>2974</ele>
   </trkpt>
   <trkpt lat="39.240201" lon="-106.334964">
    <ele>2978</ele>
   </trkpt>
   <trkpt lat="39.239965" lon="-106.337272">
    <ele>2977</ele>
   </trkpt>
   <trkpt lat="39.239895" lon="-106.338485">
    <ele>2977</ele>
   </trkpt>
   <trkpt lat="39.239819" lon="-106.339698">
    <ele>2976</ele>
   </trkpt>
   <trkpt lat="39.239659" lon="-106.341396">
    <ele>2974</ele>
   </trkpt>
   <trkpt lat="39.239492" lon="-106.343084">
    <ele>2973</ele>
   </trkpt>
   <trkpt lat="39.239367" lon="-106.344585">
    <ele>2970</ele>
   </trkpt>
   <trkpt lat="39.239046" lon="-106.346426">
    <ele>2966</ele>
   </trkpt>
   <trkpt lat="39.238907" lon="-106.346803">
    <ele>2963</ele>
   </trkpt>
   <trkpt lat="39.238831" lon="-106.347675">
    <ele>2961</ele>
   </trkpt>
   <trkpt lat="39.238587" lon="-106.348178">
    <ele>2954</ele>
   </trkpt>
   <trkpt lat="39.238539" lon="-106.34851">
    <ele>2954</ele>
   </trkpt>
   <trkpt lat="39.238281" lon="-106.349103">
    <ele>2945</ele>
   </trkpt>
   <trkpt lat="39.238149" lon="-106.349543">
    <ele>2939</ele>
   </trkpt>
   <trkpt lat="39.238198" lon="-106.349687">
    <ele>2938</ele>
   </trkpt>
   <trkpt lat="39.238434" lon="-106.34975">
    <ele>2938</ele>
   </trkpt>
   <trkpt lat="39.239123" lon="-106.349561">
    <ele>2937</ele>
   </trkpt>
   <trkpt lat="39.239714" lon="-106.349337">
    <ele>2938</ele>
   </trkpt>
   <trkpt lat="39.241085" lon="-106.348564">
    <ele>2939</ele>
   </trkpt>
   <trkpt lat="39.242024" lon="-106.348133">
    <ele>2941</ele>
   </trkpt>
   <trkpt lat="39.242957" lon="-106.347693">
    <ele>2943</ele>
   </trkpt>
   <trkpt lat="39.243144" lon="-106.347576">
    <ele>2943</ele>
   </trkpt>
   <trkpt lat="39.243353" lon="-106.34754">
    <ele>2943</ele>
   </trkpt>
   <trkpt lat="39.244195" lon="-106.347127">
    <ele>2945</ele>
   </trkpt>
   <trkpt lat="39.246289" lon="-106.346076">
    <ele>2948</ele>
   </trkpt>
   <trkpt lat="39.247917" lon="-106.345474">
    <ele>2951</ele>
   </trkpt>
   <trkpt lat="39.248515" lon="-106.345124">
    <ele>2953</ele>
   </trkpt>
   <trkpt lat="39.248675" lon="-106.345195">
    <ele>2953</ele>
   </trkpt>
   <trkpt lat="39.248877" lon="-106.346642">
    <ele>2950</ele>
   </trkpt>
   <trkpt lat="39.248898" lon="-106.34789">
    <ele>2950</ele>
   </trkpt>
   <trkpt lat="39.248793" lon="-106.349139">
    <ele>2950</ele>
   </trkpt>
   <trkpt lat="39.248682" lon="-106.350379">
    <ele>2949</ele>
   </trkpt>
   <trkpt lat="39.248473" lon="-106.352517">
    <ele>2950</ele>
   </trkpt>
   <trkpt lat="39.248418" lon="-106.353514">
    <ele>2950</ele>
   </trkpt>
   <trkpt lat="39.248209" lon="-106.355283">
    <ele>2953</ele>
   </trkpt>
   <trkpt lat="39.247993" lon="-106.357044">
    <ele>2954</ele>
   </trkpt>
   <trkpt lat="39.247833" lon="-106.358994">
    <ele>2955</ele>
   </trkpt>
   <trkpt lat="39.247687" lon="-106.360188">
    <ele>2954</ele>
   </trkpt>
   <trkpt lat="39.247534" lon="-106.36229">
    <ele>2953</ele>
   </trkpt>
   <trkpt lat="39.247409" lon="-106.363476">
    <ele>2954</ele>
   </trkpt>
   <trkpt lat="39.247277" lon="-106.364662">
    <ele>2955</ele>
   </trkpt>
   <trkpt lat="39.247263" lon="-106.364913">
    <ele>2956</ele>
   </trkpt>
   <trkpt lat="39.24736" lon="-106.365704">
    <ele>2957</ele>
   </trkpt>
   <trkpt lat="39.247632" lon="-106.366593">
    <ele>2961</ele>
   </trkpt>
   <trkpt lat="39.248585" lon="-106.367941">
    <ele>2965</ele>
   </trkpt>
   <trkpt lat="39.248752" lon="-106.368579">
    <ele>2965</ele>
   </trkpt>
   <trkpt lat="39.248814" lon="-106.36918">
    <ele>2964</ele>
   </trkpt>
   <trkpt lat="39.24903" lon="-106.369171">
    <ele>2967</ele>
   </trkpt>
   <trkpt lat="39.249899" lon="-106.368605">
    <ele>2985</ele>
   </trkpt>
   <trkpt lat="39.250115" lon="-106.368219">
    <ele>2990</ele>
   </trkpt>
   <trkpt lat="39.250581" lon="-106.367824">
    <ele>3003</ele>
   </trkpt>
   <trkpt lat="39.251708" lon="-106.366575">
    <ele>3013</ele>
   </trkpt>
   <trkpt lat="39.251959" lon="-106.366441">
    <ele>3015</ele>
   </trkpt>
   <trkpt lat="39.252299" lon="-106.367177">
    <ele>3016</ele>
   </trkpt>
   <trkpt lat="39.252918" lon="-106.366791">
    <ele>3012</ele>
   </trkpt>
   <trkpt lat="39.253301" lon="-106.366728">
    <ele>3012</ele>
   </trkpt>
   <trkpt lat="39.253677" lon="-106.366351">
    <ele>3012</ele>
   </trkpt>
   <trkpt lat="39.253983" lon="-106.365875">
    <ele>3015</ele>
   </trkpt>
   <trkpt lat="39.254393" lon="-106.365596">
    <ele>3013</ele>
   </trkpt>
   <trkpt lat="39.254511" lon="-106.365399">
    <ele>3013</ele>
   </trkpt>
   <trkpt lat="39.25495" lon="-106.36512">
    <ele>3015</ele>
   </trkpt>
   <trkpt lat="39.255617" lon="-106.364042">
    <ele>3012</ele>
   </trkpt>
   <trkpt lat="39.256209" lon="-106.362739">
    <ele>3011</ele>
   </trkpt>
   <trkpt lat="39.257141" lon="-106.361644">
    <ele>3011</ele>
   </trkpt>
   <trkpt lat="39.257419" lon="-106.36097">
    <ele>3014</ele>
   </trkpt>
   <trkpt lat="39.257864" lon="-106.36061">
    <ele>3013</ele>
   </trkpt>
   <trkpt lat="39.258038" lon="-106.3607">
    <ele>3011</ele>
   </trkpt>
   <trkpt lat="39.258393" lon="-106.36053">
    <ele>3011</ele>
   </trkpt>
   <trkpt lat="39.258824" lon="-106.360116">
    <ele>3010</ele>
   </trkpt>
   <trkpt lat="39.258949" lon="-106.359919">
    <ele>3010</ele>
   </trkpt>
   <trkpt lat="39.259221" lon="-106.359227">
    <ele>3011</ele>
   </trkpt>
   <trkpt lat="39.259353" lon="-106.359056">
    <ele>3011</ele>
   </trkpt>
   <trkpt lat="39.259443" lon="-106.35867">
    <ele>3011</ele>
   </trkpt>
   <trkpt lat="39.259728" lon="-106.358293">
    <ele>3011</ele>
   </trkpt>
   <trkpt lat="39.259993" lon="-106.358122">
    <ele>3011</ele>
   </trkpt>
   <trkpt lat="39.260285" lon="-106.357781">
    <ele>3010</ele>
   </trkpt>
   <trkpt lat="39.260612" lon="-106.357987">
    <ele>3011</ele>
   </trkpt>
   <trkpt lat="39.260855" lon="-106.35849">
    <ele>3012</ele>
   </trkpt>
   <trkpt lat="39.261064" lon="-106.358365">
    <ele>3013</ele>
   </trkpt>
   <trkpt lat="39.261286" lon="-106.358041">
    <ele>3013</ele>
   </trkpt>
   <trkpt lat="39.261551" lon="-106.357853">
    <ele>3012</ele>
   </trkpt>
   <trkpt lat="39.262003" lon="-106.357727">
    <ele>3010</ele>
   </trkpt>
   <trkpt lat="39.26217" lon="-106.35761">
    <ele>3010</ele>
   </trkpt>
   <trkpt lat="39.262406" lon="-106.357215">
    <ele>3010</ele>
   </trkpt>
   <trkpt lat="39.262462" lon="-106.356927">
    <ele>3011</ele>
   </trkpt>
   <trkpt lat="39.262677" lon="-106.356532">
    <ele>3011</ele>
   </trkpt>
   <trkpt lat="39.262844" lon="-106.35611">
    <ele>3009</ele>
   </trkpt>
   <trkpt lat="39.2628584" lon="-106.3559624">
    <ele>3009</ele>
   </trkpt>
   <trkpt lat="39.2629016" lon="-106.3557431">
    <ele>3010</ele>
   </trkpt>
   <trkpt lat="39.2630521" lon="-106.3554808">
    <ele>3010</ele>
   </trkpt>
   <trkpt lat="39.263282" lon="-106.355364">
    <ele>3011</ele>
   </trkpt>
   <trkpt lat="39.263637" lon="-106.355589">
    <ele>3011</ele>
   </trkpt>
   <trkpt lat="39.264096" lon="-106.355364">
    <ele>3011</ele>
   </trkpt>
   <trkpt lat="39.264277" lon="-106.355014">
    <ele>3012</ele>
   </trkpt>
   <trkpt lat="39.264611" lon="-106.354646">
    <ele>3012</ele>
   </trkpt>
   <trkpt lat="39.265195" lon="-106.354421">
    <ele>3011</ele>
   </trkpt>
   <trkpt lat="39.265487" lon="-106.354116">
    <ele>3011</ele>
   </trkpt>
   <trkpt lat="39.265793" lon="-106.353909">
    <ele>3011</ele>
   </trkpt>
   <trkpt lat="39.266315" lon="-106.353783">
    <ele>3011</ele>
   </trkpt>
   <trkpt lat="39.266676" lon="-106.353613">
    <ele>3010</ele>
   </trkpt>
   <trkpt lat="39.267226" lon="-106.35311">
    <ele>3011</ele>
   </trkpt>
   <trkpt lat="39.267796" lon="-106.352993">
    <ele>3011</ele>
   </trkpt>
   <trkpt lat="39.268033" lon="-106.353047">
    <ele>3011</ele>
   </trkpt>
   <trkpt lat="39.268353" lon="-106.353289">
    <ele>3011</ele>
   </trkpt>
   <trkpt lat="39.268666" lon="-106.353352">
    <ele>3011</ele>
   </trkpt>
   <trkpt lat="39.269104" lon="-106.353163">
    <ele>3010</ele>
   </trkpt>
   <trkpt lat="39.269493" lon="-106.353208">
    <ele>3010</ele>
   </trkpt>
   <trkpt lat="39.269667" lon="-106.353137">
    <ele>3010</ele>
   </trkpt>
   <trkpt lat="39.269876" lon="-106.352975">
    <ele>3010</ele>
   </trkpt>
   <trkpt lat="39.270063" lon="-106.353074">
    <ele>3010</ele>
   </trkpt>
   <trkpt lat="39.270411" lon="-106.353801">
    <ele>3011</ele>
   </trkpt>
   <trkpt lat="39.270696" lon="-106.354107">
    <ele>3011</ele>
   </trkpt>
   <trkpt lat="39.270891" lon="-106.354188">
    <ele>3011</ele>
   </trkpt>
   <trkpt lat="39.271621" lon="-106.354304">
    <ele>3011</ele>
   </trkpt>
   <trkpt lat="39.272873" lon="-106.355221">
    <ele>3011</ele>
   </trkpt>
   <trkpt lat="39.273158" lon="-106.355562">
    <ele>3010</ele>
   </trkpt>
   <trkpt lat="39.274013" lon="-106.356101">
    <ele>3011</ele>
   </trkpt>
   <trkpt lat="39.274368" lon="-106.356505">
    <ele>3012</ele>
   </trkpt>
   <trkpt lat="39.27489" lon="-106.357565">
    <ele>3012</ele>
   </trkpt>
   <trkpt lat="39.27562" lon="-106.358356">
    <ele>3015</ele>
   </trkpt>
   <trkpt lat="39.275696" lon="-106.359209">
    <ele>3014</ele>
   </trkpt>
   <trkpt lat="39.275926" lon="-106.36017">
    <ele>3013</ele>
   </trkpt>
   <trkpt lat="39.276406" lon="-106.361167">
    <ele>3019</ele>
   </trkpt>
   <trkpt lat="39.276496" lon="-106.361976">
    <ele>3019</ele>
   </trkpt>
   <trkpt lat="39.276566" lon="-106.362272">
    <ele>3019</ele>
   </trkpt>
   <trkpt lat="39.276496" lon="-106.363261">
    <ele>3013</ele>
   </trkpt>
   <trkpt lat="39.276524" lon="-106.363602">
    <ele>3013</ele>
   </trkpt>
   <trkpt lat="39.276475" lon="-106.363746">
    <ele>3012</ele>
   </trkpt>
   <trkpt lat="39.276559" lon="-106.364231">
    <ele>3014</ele>
   </trkpt>
   <trkpt lat="39.276524" lon="-106.365165">
    <ele>3015</ele>
   </trkpt>
   <trkpt lat="39.276426" lon="-106.365605">
    <ele>3014</ele>
   </trkpt>
   <trkpt lat="39.276489" lon="-106.366342">
    <ele>3017</ele>
   </trkpt>
   <trkpt lat="39.27635" lon="-106.366827">
    <ele>3015</ele>
   </trkpt>
   <trkpt lat="39.276253" lon="-106.367959">
    <ele>3013</ele>
   </trkpt>
   <trkpt lat="39.276287" lon="-106.368264">
    <ele>3014</ele>
   </trkpt>
   <trkpt lat="39.276239" lon="-106.368767">
    <ele>3013</ele>
   </trkpt>
   <trkpt lat="39.276239" lon="-106.36945">
    <ele>3015</ele>
   </trkpt>
   <trkpt lat="39.276148" lon="-106.370492">
    <ele>3012</ele>
   </trkpt>
   <trkpt lat="39.276023" lon="-106.371058">
    <ele>3012</ele>
   </trkpt>
   <trkpt lat="39.276044" lon="-106.371273">
    <ele>3013</ele>
   </trkpt>
   <trkpt lat="39.276141" lon="-106.371624">
    <ele>3016</ele>
   </trkpt>
   <trkpt lat="39.275981" lon="-106.372378">
    <ele>3016</ele>
   </trkpt>
   <trkpt lat="39.27587" lon="-106.373286">
    <ele>3014</ele>
   </trkpt>
   <trkpt lat="39.275981" lon="-106.373798">
    <ele>3019</ele>
   </trkpt>
   <trkpt lat="39.276002" lon="-106.375019">
    <ele>3017</ele>
   </trkpt>
   <trkpt lat="39.275849" lon="-106.375478">
    <ele>3014</ele>
   </trkpt>
   <trkpt lat="39.27578" lon="-106.37616">
    <ele>3016</ele>
   </trkpt>
   <trkpt lat="39.27587" lon="-106.376475">
    <ele>3020</ele>
   </trkpt>
   <trkpt lat="39.27587" lon="-106.376924">
    <ele>3022</ele>
   </trkpt>
   <trkpt lat="39.275808" lon="-106.377032">
    <ele>3022</ele>
   </trkpt>
   <trkpt lat="39.27578" lon="-106.37749">
    <ele>3024</ele>
   </trkpt>
   <trkpt lat="39.275835" lon="-106.377858">
    <ele>3029</ele>
   </trkpt>
   <trkpt lat="39.275745" lon="-106.379313">
    <ele>3028</ele>
   </trkpt>
   <trkpt lat="39.275648" lon="-106.380769">
    <ele>3023</ele>
   </trkpt>
   <trkpt lat="39.275439" lon="-106.382143">
    <ele>3020</ele>
   </trkpt>
   <trkpt lat="39.275223" lon="-106.383509">
    <ele>3013</ele>
   </trkpt>
   <trkpt lat="39.27514" lon="-106.383715">
    <ele>3013</ele>
   </trkpt>
   <trkpt lat="39.274834" lon="-106.3842">
    <ele>3012</ele>
   </trkpt>
   <trkpt lat="39.274514" lon="-106.385296">
    <ele>3012</ele>
   </trkpt>
   <trkpt lat="39.274486" lon="-106.385521">
    <ele>3013</ele>
   </trkpt>
   <trkpt lat="39.274528" lon="-106.385799">
    <ele>3014</ele>
   </trkpt>
   <trkpt lat="39.274417" lon="-106.386545">
    <ele>3014</ele>
   </trkpt>
   <trkpt lat="39.274472" lon="-106.387084">
    <ele>3016</ele>
   </trkpt>
   <trkpt lat="39.27466" lon="-106.387919">
    <ele>3020</ele>
   </trkpt>
   <trkpt lat="39.27457" lon="-106.388782">
    <ele>3015</ele>
   </trkpt>
   <trkpt lat="39.274688" lon="-106.389599">
    <ele>3016</ele>
   </trkpt>
   <trkpt lat="39.274653" lon="-106.389824">
    <ele>3015</ele>
   </trkpt>
   <trkpt lat="39.27482" lon="-106.390336">
    <ele>3019</ele>
   </trkpt>
   <trkpt lat="39.275064" lon="-106.392546">
    <ele>3022</ele>
   </trkpt>
   <trkpt lat="39.27505" lon="-106.392977">
    <ele>3021</ele>
   </trkpt>
   <trkpt lat="39.275091" lon="-106.393147">
    <ele>3022</ele>
   </trkpt>
   <trkpt lat="39.275258" lon="-106.393363">
    <ele>3028</ele>
   </trkpt>
   <trkpt lat="39.275321" lon="-106.393848">
    <ele>3025</ele>
   </trkpt>
   <trkpt lat="39.275432" lon="-106.394091">
    <ele>3025</ele>
   </trkpt>
   <trkpt lat="39.275418" lon="-106.394567">
    <ele>3024</ele>
   </trkpt>
   <trkpt lat="39.275453" lon="-106.394944">
    <ele>3023</ele>
   </trkpt>
   <trkpt lat="39.275404" lon="-106.395465">
    <ele>3019</ele>
   </trkpt>
   <trkpt lat="39.275543" lon="-106.395824">
    <ele>3019</ele>
   </trkpt>
   <trkpt lat="39.275356" lon="-106.396121">
    <ele>3018</ele>
   </trkpt>
   <trkpt lat="39.275356" lon="-106.396588">
    <ele>3018</ele>
   </trkpt>
   <trkpt lat="39.27514" lon="-106.397307">
    <ele>3014</ele>
   </trkpt>
   <trkpt lat="39.275105" lon="-106.398241">
    <ele>3015</ele>
   </trkpt>
   <trkpt lat="39.275217" lon="-106.39931">
    <ele>3017</ele>
   </trkpt>
   <trkpt lat="39.275349" lon="-106.399696">
    <ele>3020</ele>
   </trkpt>
   <trkpt lat="39.275522" lon="-106.400532">
    <ele>3019</ele>
   </trkpt>
   <trkpt lat="39.275557" lon="-106.401187">
    <ele>3017</ele>
   </trkpt>
   <trkpt lat="39.275731" lon="-106.402274">
    <ele>3014</ele>
   </trkpt>
   <trkpt lat="39.276051" lon="-106.403155">
    <ele>3018</ele>
   </trkpt>
   <trkpt lat="39.276204" lon="-106.403433">
    <ele>3021</ele>
   </trkpt>
   <trkpt lat="39.276343" lon="-106.404017">
    <ele>3019</ele>
   </trkpt>
   <trkpt lat="39.276426" lon="-106.404978">
    <ele>3015</ele>
   </trkpt>
   <trkpt lat="39.276531" lon="-106.405643">
    <ele>3015</ele>
   </trkpt>
   <trkpt lat="39.276621" lon="-106.405895">
    <ele>3018</ele>
   </trkpt>
   <trkpt lat="39.276712" lon="-106.405993">
    <ele>3020</ele>
   </trkpt>
   <trkpt lat="39.276795" lon="-106.406344">
    <ele>3018</ele>
   </trkpt>
   <trkpt lat="39.276788" lon="-106.407305">
    <ele>3012</ele>
   </trkpt>
   <trkpt lat="39.276746" lon="-106.407628">
    <ele>3011</ele>
   </trkpt>
   <trkpt lat="39.276816" lon="-106.407736">
    <ele>3014</ele>
   </trkpt>
   <trkpt lat="39.276885" lon="-106.40814">
    <ele>3017</ele>
   </trkpt>
   <trkpt lat="39.276837" lon="-106.408904">
    <ele>3015</ele>
   </trkpt>
   <trkpt lat="39.277094" lon="-106.410727">
    <ele>3015</ele>
   </trkpt>
   <trkpt lat="39.277101" lon="-106.411284">
    <ele>3013</ele>
   </trkpt>
   <trkpt lat="39.277226" lon="-106.41177">
    <ele>3014</ele>
   </trkpt>
   <trkpt lat="39.277212" lon="-106.412812">
    <ele>3015</ele>
   </trkpt>
   <trkpt lat="39.27715" lon="-106.413234">
    <ele>3013</ele>
   </trkpt>
   <trkpt lat="39.277157" lon="-106.4138">
    <ele>3013</ele>
   </trkpt>
   <trkpt lat="39.277191" lon="-106.413988">
    <ele>3014</ele>
   </trkpt>
   <trkpt lat="39.277129" lon="-106.414276">
    <ele>3013</ele>
   </trkpt>
   <trkpt lat="39.276983" lon="-106.416055">
    <ele>3016</ele>
   </trkpt>
   <trkpt lat="39.276844" lon="-106.416423">
    <ele>3014</ele>
   </trkpt>
   <trkpt lat="39.276816" lon="-106.4176">
    <ele>3016</ele>
   </trkpt>
   <trkpt lat="39.276732" lon="-106.419001">
    <ele>3011</ele>
   </trkpt>
   <trkpt lat="39.276858" lon="-106.419702">
    <ele>3013</ele>
   </trkpt>
   <trkpt lat="39.276997" lon="-106.420133">
    <ele>3012</ele>
   </trkpt>
   <trkpt lat="39.277324" lon="-106.42069">
    <ele>3014</ele>
   </trkpt>
   <trkpt lat="39.277351" lon="-106.421022">
    <ele>3012</ele>
   </trkpt>
   <trkpt lat="39.277463" lon="-106.42122">
    <ele>3014</ele>
   </trkpt>
   <trkpt lat="39.277504" lon="-106.421471">
    <ele>3013</ele>
   </trkpt>
   <trkpt lat="39.27772" lon="-106.421732">
    <ele>3020</ele>
   </trkpt>
   <trkpt lat="39.277859" lon="-106.422217">
    <ele>3023</ele>
   </trkpt>
   <trkpt lat="39.278088" lon="-106.422801">
    <ele>3027</ele>
   </trkpt>
   <trkpt lat="39.278068" lon="-106.423088">
    <ele>3027</ele>
   </trkpt>
   <trkpt lat="39.278151" lon="-106.423555">
    <ele>3026</ele>
   </trkpt>
   <trkpt lat="39.278241" lon="-106.423744">
    <ele>3026</ele>
   </trkpt>
   <trkpt lat="39.278186" lon="-106.424014">
    <ele>3024</ele>
   </trkpt>
   <trkpt lat="39.278165" lon="-106.424651">
    <ele>3034</ele>
   </trkpt>
   <trkpt lat="39.278068" lon="-106.424732">
    <ele>3032</ele>
   </trkpt>
   <trkpt lat="39.277929" lon="-106.425226">
    <ele>3028</ele>
   </trkpt>
   <trkpt lat="39.277929" lon="-106.425738">
    <ele>3026</ele>
   </trkpt>
   <trkpt lat="39.278221" lon="-106.426439">
    <ele>3020</ele>
   </trkpt>
   <trkpt lat="39.278262" lon="-106.426726">
    <ele>3017</ele>
   </trkpt>
   <trkpt lat="39.278172" lon="-106.427463">
    <ele>3012</ele>
   </trkpt>
   <trkpt lat="39.278248" lon="-106.42811">
    <ele>3012</ele>
   </trkpt>
   <trkpt lat="39.278137" lon="-106.4289">
    <ele>3013</ele>
   </trkpt>
   <trkpt lat="39.27797" lon="-106.42935">
    <ele>3011</ele>
   </trkpt>
   <trkpt lat="39.277984" lon="-106.429601">
    <ele>3012</ele>
   </trkpt>
   <trkpt lat="39.277887" lon="-106.430203">
    <ele>3013</ele>
   </trkpt>
   <trkpt lat="39.277922" lon="-106.430796">
    <ele>3013</ele>
   </trkpt>
   <trkpt lat="39.277817" lon="-106.431002">
    <ele>3011</ele>
   </trkpt>
   <trkpt lat="39.277831" lon="-106.431281">
    <ele>3011</ele>
   </trkpt>
   <trkpt lat="39.278228" lon="-106.432377">
    <ele>3013</ele>
   </trkpt>
   <trkpt lat="39.278617" lon="-106.433464">
    <ele>3013</ele>
   </trkpt>
   <trkpt lat="39.278839" lon="-106.434174">
    <ele>3014</ele>
   </trkpt>
   <trkpt lat="39.27886" lon="-106.434425">
    <ele>3014</ele>
   </trkpt>
   <trkpt lat="39.279243" lon="-106.434964">
    <ele>3015</ele>
   </trkpt>
   <trkpt lat="39.279973" lon="-106.437075">
    <ele>3019</ele>
   </trkpt>
   <trkpt lat="39.280084" lon="-106.437614">
    <ele>3019</ele>
   </trkpt>
   <trkpt lat="39.280515" lon="-106.438728">
    <ele>3022</ele>
   </trkpt>
   <trkpt lat="39.280939" lon="-106.439842">
    <ele>3024</ele>
   </trkpt>
   <trkpt lat="39.280974" lon="-106.43995">
    <ele>3025</ele>
   </trkpt>
   <trkpt lat="39.281294" lon="-106.440219">
    <ele>3030</ele>
   </trkpt>
   <trkpt lat="39.2813688" lon="-106.4407837">
    <ele>3031</ele>
   </trkpt>
   <trkpt lat="39.2813606" lon="-106.4415298">
    <ele>3029</ele>
   </trkpt>
   <trkpt lat="39.281384" lon="-106.441701">
    <ele>3031</ele>
   </trkpt>
   <trkpt lat="39.2814223" lon="-106.4418483">
    <ele>3031</ele>
   </trkpt>
   <trkpt lat="39.281683" lon="-106.442851">
    <ele>3032</ele>
   </trkpt>
   <trkpt lat="39.282268" lon="-106.443202">
    <ele>3037</ele>
   </trkpt>
   <trkpt lat="39.282907" lon="-106.444226">
    <ele>3043</ele>
   </trkpt>
   <trkpt lat="39.283255" lon="-106.444881">
    <ele>3046</ele>
   </trkpt>
   <trkpt lat="39.283338" lon="-106.445151">
    <ele>3047</ele>
   </trkpt>
   <trkpt lat="39.283742" lon="-106.445932">
    <ele>3052</ele>
   </trkpt>
   <trkpt lat="39.283908" lon="-106.446076">
    <ele>3053</ele>
   </trkpt>
   <trkpt lat="39.284145" lon="-106.446085">
    <ele>3054</ele>
   </trkpt>
   <trkpt lat="39.284242" lon="-106.446031">
    <ele>3055</ele>
   </trkpt>
   <trkpt lat="39.28443" lon="-106.44604">
    <ele>3056</ele>
   </trkpt>
   <trkpt lat="39.284743" lon="-106.446409">
    <ele>3059</ele>
   </trkpt>
   <trkpt lat="39.284798" lon="-106.446804">
    <ele>3058</ele>
   </trkpt>
   <trkpt lat="39.284903" lon="-106.447109">
    <ele>3059</ele>
   </trkpt>
   <trkpt lat="39.284833" lon="-106.44728">
    <ele>3059</ele>
   </trkpt>
   <trkpt lat="39.284833" lon="-106.447873">
    <ele>3065</ele>
   </trkpt>
   <trkpt lat="39.284694" lon="-106.448313">
    <ele>3065</ele>
   </trkpt>
   <trkpt lat="39.2846516" lon="-106.4483625">
    <ele>3065</ele>
   </trkpt>
   <trkpt lat="39.2846682" lon="-106.4484966">
    <ele>3067</ele>
   </trkpt>
   <trkpt lat="39.2847077" lon="-106.4488077">
    <ele>3070</ele>
   </trkpt>
   <trkpt lat="39.2847181" lon="-106.4488935">
    <ele>3070</ele>
   </trkpt>
   <trkpt lat="39.2845382" lon="-106.4490219">
    <ele>3073</ele>
   </trkpt>
   <trkpt lat="39.284381" lon="-106.449104">
    <ele>3074</ele>
   </trkpt>
   <trkpt lat="39.284124" lon="-106.449499">
    <ele>3076</ele>
   </trkpt>
   <trkpt lat="39.284138" lon="-106.449966">
    <ele>3081</ele>
   </trkpt>
   <trkpt lat="39.283929" lon="-106.450155">
    <ele>3083</ele>
   </trkpt>
   <trkpt lat="39.283637" lon="-106.450217">
    <ele>3087</ele>
   </trkpt>
   <trkpt lat="39.283331" lon="-106.450002">
    <ele>3091</ele>
   </trkpt>
   <trkpt lat="39.283178" lon="-106.449759">
    <ele>3090</ele>
   </trkpt>
   <trkpt lat="39.28297" lon="-106.449625">
    <ele>3092</ele>
   </trkpt>
   <trkpt lat="39.282726" lon="-106.44922">
    <ele>3093</ele>
   </trkpt>
   <trkpt lat="39.282511" lon="-106.448996">
    <ele>3095</ele>
   </trkpt>
   <trkpt lat="39.282483" lon="-106.448825">
    <ele>3094</ele>
   </trkpt>
   <trkpt lat="39.282052" lon="-106.448259">
    <ele>3096</ele>
   </trkpt>
   <trkpt lat="39.281384" lon="-106.446948">
    <ele>3091</ele>
   </trkpt>
   <trkpt lat="39.281155" lon="-106.446328">
    <ele>3086</ele>
   </trkpt>
   <trkpt lat="39.281148" lon="-106.446085">
    <ele>3083</ele>
   </trkpt>
   <trkpt lat="39.281009" lon="-106.445834">
    <ele>3082</ele>
   </trkpt>
   <trkpt lat="39.280828" lon="-106.445726">
    <ele>3082</ele>
   </trkpt>
   <trkpt lat="39.280703" lon="-106.445546">
    <ele>3080</ele>
   </trkpt>
   <trkpt lat="39.280578" lon="-106.445519">
    <ele>3079</ele>
   </trkpt>
   <trkpt lat="39.28039" lon="-106.445313">
    <ele>3078</ele>
   </trkpt>
   <trkpt lat="39.280258" lon="-106.444872">
    <ele>3073</ele>
   </trkpt>
   <trkpt lat="39.279667" lon="-106.44366">
    <ele>3074</ele>
   </trkpt>
   <trkpt lat="39.279375" lon="-106.443264">
    <ele>3076</ele>
   </trkpt>
   <trkpt lat="39.279284" lon="-106.442986">
    <ele>3074</ele>
   </trkpt>
   <trkpt lat="39.279041" lon="-106.4426">
    <ele>3075</ele>
   </trkpt>
   <trkpt lat="39.27902" lon="-106.44224">
    <ele>3070</ele>
   </trkpt>
   <trkpt lat="39.277782" lon="-106.44083">
    <ele>3076</ele>
   </trkpt>
   <trkpt lat="39.276997" lon="-106.439671">
    <ele>3079</ele>
   </trkpt>
   <trkpt lat="39.276844" lon="-106.439357">
    <ele>3075</ele>
   </trkpt>
   <trkpt lat="39.276162" lon="-106.439006">
    <ele>3072</ele>
   </trkpt>
   <trkpt lat="39.275766" lon="-106.439015">
    <ele>3070</ele>
   </trkpt>
   <trkpt lat="39.275015" lon="-106.439186">
    <ele>3065</ele>
   </trkpt>
   <trkpt lat="39.274792" lon="-106.439159">
    <ele>3063</ele>
   </trkpt>
   <trkpt lat="39.274542" lon="-106.439222">
    <ele>3062</ele>
   </trkpt>
   <trkpt lat="39.27402" lon="-106.439141">
    <ele>3062</ele>
   </trkpt>
   <trkpt lat="39.273937" lon="-106.43906">
    <ele>3063</ele>
   </trkpt>
   <trkpt lat="39.273993" lon="-106.438638">
    <ele>3063</ele>
   </trkpt>
   <trkpt lat="39.273916" lon="-106.438458">
    <ele>3065</ele>
   </trkpt>
   <trkpt lat="39.273714" lon="-106.438458">
    <ele>3068</ele>
   </trkpt>
   <trkpt lat="39.273568" lon="-106.438225">
    <ele>3069</ele>
   </trkpt>
   <trkpt lat="39.273561" lon="-106.438045">
    <ele>3069</ele>
   </trkpt>
   <trkpt lat="39.273485" lon="-106.437884">
    <ele>3070</ele>
   </trkpt>
   <trkpt lat="39.273262" lon="-106.437776">
    <ele>3073</ele>
   </trkpt>
   <trkpt lat="39.272803" lon="-106.43774">
    <ele>3078</ele>
   </trkpt>
   <trkpt lat="39.272525" lon="-106.437327">
    <ele>3080</ele>
   </trkpt>
   <trkpt lat="39.272449" lon="-106.436958">
    <ele>3084</ele>
   </trkpt>
   <trkpt lat="39.272421" lon="-106.436599">
    <ele>3085</ele>
   </trkpt>
   <trkpt lat="39.27231" lon="-106.436401">
    <ele>3088</ele>
   </trkpt>
   <trkpt lat="39.272157" lon="-106.435853">
    <ele>3093</ele>
   </trkpt>
   <trkpt lat="39.271865" lon="-106.435413">
    <ele>3102</ele>
   </trkpt>
   <trkpt lat="39.271691" lon="-106.435027">
    <ele>3106</ele>
   </trkpt>
   <trkpt lat="39.271086" lon="-106.434245">
    <ele>3117</ele>
   </trkpt>
   <trkpt lat="39.270682" lon="-106.43385">
    <ele>3125</ele>
   </trkpt>
   <trkpt lat="39.270383" lon="-106.43332">
    <ele>3133</ele>
   </trkpt>
   <trkpt lat="39.270356" lon="-106.433194">
    <ele>3133</ele>
   </trkpt>
   <trkpt lat="39.26982" lon="-106.432368">
    <ele>3141</ele>
   </trkpt>
   <trkpt lat="39.269716" lon="-106.432359">
    <ele>3145</ele>
   </trkpt>
   <trkpt lat="39.269709" lon="-106.43341">
    <ele>3159</ele>
   </trkpt>
   <trkpt lat="39.269785" lon="-106.434308">
    <ele>3160</ele>
   </trkpt>
   <trkpt lat="39.270105" lon="-106.43518">
    <ele>3163</ele>
   </trkpt>
   <trkpt lat="39.270745" lon="-106.436294">
    <ele>3168</ele>
   </trkpt>
   <trkpt lat="39.27087" lon="-106.436779">
    <ele>3166</ele>
   </trkpt>
   <trkpt lat="39.270877" lon="-106.43703">
    <ele>3166</ele>
   </trkpt>
   <trkpt lat="39.270696" lon="-106.43792">
    <ele>3167</ele>
   </trkpt>
   <trkpt lat="39.270439" lon="-106.438512">
    <ele>3168</ele>
   </trkpt>
   <trkpt lat="39.270154" lon="-106.438818">
    <ele>3169</ele>
   </trkpt>
   <trkpt lat="39.269347" lon="-106.439483">
    <ele>3174</ele>
   </trkpt>
   <trkpt lat="39.268533" lon="-106.440147">
    <ele>3177</ele>
   </trkpt>
   <trkpt lat="39.268012" lon="-106.440498">
    <ele>3179</ele>
   </trkpt>
   <trkpt lat="39.265745" lon="-106.441432">
    <ele>3188</ele>
   </trkpt>
   <trkpt lat="39.265084" lon="-106.441782">
    <ele>3187</ele>
   </trkpt>
   <trkpt lat="39.26427" lon="-106.442034">
    <ele>3193</ele>
   </trkpt>
   <trkpt lat="39.262051" lon="-106.44295">
    <ele>3201</ele>
   </trkpt>
   <trkpt lat="39.261898" lon="-106.442986">
    <ele>3204</ele>
   </trkpt>
   <trkpt lat="39.261905" lon="-106.44286">
    <ele>3207</ele>
   </trkpt>
   <trkpt lat="39.262232" lon="-106.442609">
    <ele>3210</ele>
   </trkpt>
   <trkpt lat="39.262983" lon="-106.442312">
    <ele>3209</ele>
   </trkpt>
   <trkpt lat="39.264764" lon="-106.441162">
    <ele>3222</ele>
   </trkpt>
   <trkpt lat="39.265299" lon="-106.440659">
    <ele>3228</ele>
   </trkpt>
   <trkpt lat="39.265466" lon="-106.440435">
    <ele>3232</ele>
   </trkpt>
   <trkpt lat="39.265598" lon="-106.440399">
    <ele>3230</ele>
   </trkpt>
   <trkpt lat="39.266572" lon="-106.43924">
    <ele>3244</ele>
   </trkpt>
   <trkpt lat="39.26669" lon="-106.439024">
    <ele>3247</ele>
   </trkpt>
   <trkpt lat="39.266989" lon="-106.4388">
    <ele>3246</ele>
   </trkpt>
   <trkpt lat="39.267442" lon="-106.438063">
    <ele>3254</ele>
   </trkpt>
   <trkpt lat="39.26772" lon="-106.437848">
    <ele>3253</ele>
   </trkpt>
   <trkpt lat="39.268109" lon="-106.437156">
    <ele>3260</ele>
   </trkpt>
   <trkpt lat="39.26829" lon="-106.436419">
    <ele>3265</ele>
   </trkpt>
   <trkpt lat="39.268186" lon="-106.436285">
    <ele>3268</ele>
   </trkpt>
   <trkpt lat="39.268012" lon="-106.436338">
    <ele>3270</ele>
   </trkpt>
   <trkpt lat="39.26772" lon="-106.436554">
    <ele>3273</ele>
   </trkpt>
   <trkpt lat="39.267323" lon="-106.436536">
    <ele>3276</ele>
   </trkpt>
   <trkpt lat="39.266461" lon="-106.436294">
    <ele>3284</ele>
   </trkpt>
   <trkpt lat="39.266155" lon="-106.436258">
    <ele>3285</ele>
   </trkpt>
   <trkpt lat="39.265696" lon="-106.43579">
    <ele>3292</ele>
   </trkpt>
   <trkpt lat="39.265592" lon="-106.435584">
    <ele>3294</ele>
   </trkpt>
   <trkpt lat="39.265174" lon="-106.435584">
    <ele>3298</ele>
   </trkpt>
   <trkpt lat="39.265014" lon="-106.435746">
    <ele>3298</ele>
   </trkpt>
   <trkpt lat="39.264854" lon="-106.436195">
    <ele>3298</ele>
   </trkpt>
   <trkpt lat="39.264632" lon="-106.436168">
    <ele>3301</ele>
   </trkpt>
   <trkpt lat="39.264618" lon="-106.435988">
    <ele>3302</ele>
   </trkpt>
   <trkpt lat="39.264701" lon="-106.435566">
    <ele>3303</ele>
   </trkpt>
   <trkpt lat="39.264646" lon="-106.435269">
    <ele>3305</ele>
   </trkpt>
   <trkpt lat="39.26452" lon="-106.435081">
    <ele>3306</ele>
   </trkpt>
   <trkpt lat="39.264326" lon="-106.435126">
    <ele>3309</ele>
   </trkpt>
   <trkpt lat="39.264117" lon="-106.43606">
    <ele>3314</ele>
   </trkpt>
   <trkpt lat="39.263693" lon="-106.436833">
    <ele>3323</ele>
   </trkpt>
   <trkpt lat="39.263651" lon="-106.437389">
    <ele>3324</ele>
   </trkpt>
   <trkpt lat="39.263915" lon="-106.437955">
    <ele>3327</ele>
   </trkpt>
   <trkpt lat="39.263978" lon="-106.438369">
    <ele>3329</ele>
   </trkpt>
   <trkpt lat="39.263929" lon="-106.438521">
    <ele>3329</ele>
   </trkpt>
   <trkpt lat="39.263735" lon="-106.438764">
    <ele>3331</ele>
   </trkpt>
   <trkpt lat="39.263582" lon="-106.438836">
    <ele>3333</ele>
   </trkpt>
   <trkpt lat="39.263408" lon="-106.438728">
    <ele>3334</ele>
   </trkpt>
   <trkpt lat="39.26331" lon="-106.438485">
    <ele>3336</ele>
   </trkpt>
   <trkpt lat="39.263255" lon="-106.438162">
    <ele>3337</ele>
   </trkpt>
   <trkpt lat="39.263095" lon="-106.437794">
    <ele>3340</ele>
   </trkpt>
   <trkpt lat="39.263025" lon="-106.437713">
    <ele>3342</ele>
   </trkpt>
   <trkpt lat="39.263025" lon="-106.437542">
    <ele>3344</ele>
   </trkpt>
   <trkpt lat="39.263199" lon="-106.436617">
    <ele>3350</ele>
   </trkpt>
   <trkpt lat="39.263422" lon="-106.435826">
    <ele>3352</ele>
   </trkpt>
   <trkpt lat="39.263491" lon="-106.435323">
    <ele>3357</ele>
   </trkpt>
   <trkpt lat="39.263582" lon="-106.435108">
    <ele>3356</ele>
   </trkpt>
   <trkpt lat="39.263588" lon="-106.434461">
    <ele>3362</ele>
   </trkpt>
   <trkpt lat="39.263512" lon="-106.434111">
    <ele>3364</ele>
   </trkpt>
   <trkpt lat="39.263011" lon="-106.433266">
    <ele>3371</ele>
   </trkpt>
   <trkpt lat="39.262538" lon="-106.432772">
    <ele>3379</ele>
   </trkpt>
   <trkpt lat="39.26185" lon="-106.431937">
    <ele>3381</ele>
   </trkpt>
   <trkpt lat="39.26114" lon="-106.43129">
    <ele>3385</ele>
   </trkpt>
   <trkpt lat="39.260966" lon="-106.431173">
    <ele>3388</ele>
   </trkpt>
   <trkpt lat="39.260577" lon="-106.430643">
    <ele>3388</ele>
   </trkpt>
   <trkpt lat="39.260285" lon="-106.430329">
    <ele>3390</ele>
   </trkpt>
   <trkpt lat="39.26016" lon="-106.43014">
    <ele>3392</ele>
   </trkpt>
   <trkpt lat="39.259874" lon="-106.429332">
    <ele>3395</ele>
   </trkpt>
   <trkpt lat="39.259902" lon="-106.428838">
    <ele>3394</ele>
   </trkpt>
   <trkpt lat="39.260104" lon="-106.42811">
    <ele>3389</ele>
   </trkpt>
   <trkpt lat="39.26041" lon="-106.427427">
    <ele>3383</ele>
   </trkpt>
   <trkpt lat="39.260514" lon="-106.426376">
    <ele>3381</ele>
   </trkpt>
   <trkpt lat="39.260792" lon="-106.42555">
    <ele>3377</ele>
   </trkpt>
   <trkpt lat="39.260918" lon="-106.424355">
    <ele>3378</ele>
   </trkpt>
   <trkpt lat="39.260841" lon="-106.423906">
    <ele>3378</ele>
   </trkpt>
   <trkpt lat="39.260431" lon="-106.422927">
    <ele>3376</ele>
   </trkpt>
   <trkpt lat="39.259944" lon="-106.422145">
    <ele>3375</ele>
   </trkpt>
   <trkpt lat="39.259617" lon="-106.421929">
    <ele>3373</ele>
   </trkpt>
   <trkpt lat="39.259054" lon="-106.421031">
    <ele>3370</ele>
   </trkpt>
   <trkpt lat="39.258588" lon="-106.421058">
    <ele>3361</ele>
   </trkpt>
   <trkpt lat="39.258435" lon="-106.420825">
    <ele>3360</ele>
   </trkpt>
   <trkpt lat="39.258226" lon="-106.420717">
    <ele>3357</ele>
   </trkpt>
   <trkpt lat="39.257829" lon="-106.420717">
    <ele>3351</ele>
   </trkpt>
   <trkpt lat="39.2568" lon="-106.419809">
    <ele>3344</ele>
   </trkpt>
   <trkpt lat="39.256605" lon="-106.419693">
    <ele>3342</ele>
   </trkpt>
   <trkpt lat="39.256355" lon="-106.419693">
    <ele>3340</ele>
   </trkpt>
   <trkpt lat="39.256056" lon="-106.419369">
    <ele>3340</ele>
   </trkpt>
   <trkpt lat="39.255986" lon="-106.418399">
    <ele>3336</ele>
   </trkpt>
   <trkpt lat="39.256007" lon="-106.41813">
    <ele>3334</ele>
   </trkpt>
   <trkpt lat="39.256243" lon="-106.417707">
    <ele>3332</ele>
   </trkpt>
   <trkpt lat="39.256348" lon="-106.417339">
    <ele>3329</ele>
   </trkpt>
   <trkpt lat="39.256257" lon="-106.416701">
    <ele>3321</ele>
   </trkpt>
   <trkpt lat="39.256028" lon="-106.41627">
    <ele>3314</ele>
   </trkpt>
   <trkpt lat="39.255882" lon="-106.416099">
    <ele>3311</ele>
   </trkpt>
   <trkpt lat="39.255715" lon="-106.415614">
    <ele>3307</ele>
   </trkpt>
   <trkpt lat="39.255325" lon="-106.414914">
    <ele>3303</ele>
   </trkpt>
   <trkpt lat="39.254831" lon="-106.414357">
    <ele>3304</ele>
   </trkpt>
   <trkpt lat="39.254658" lon="-106.414249">
    <ele>3301</ele>
   </trkpt>
   <trkpt lat="39.254504" lon="-106.413773">
    <ele>3297</ele>
   </trkpt>
   <trkpt lat="39.254692" lon="-106.413422">
    <ele>3293</ele>
   </trkpt>
   <trkpt lat="39.254984" lon="-106.41318">
    <ele>3292</ele>
   </trkpt>
   <trkpt lat="39.255137" lon="-106.412839">
    <ele>3288</ele>
   </trkpt>
   <trkpt lat="39.255137" lon="-106.412282">
    <ele>3288</ele>
   </trkpt>
   <trkpt lat="39.254922" lon="-106.411859">
    <ele>3284</ele>
   </trkpt>
   <trkpt lat="39.254498" lon="-106.411383">
    <ele>3283</ele>
   </trkpt>
   <trkpt lat="39.253892" lon="-106.41106">
    <ele>3275</ele>
   </trkpt>
   <trkpt lat="39.253649" lon="-106.41071">
    <ele>3273</ele>
   </trkpt>
   <trkpt lat="39.253308" lon="-106.410386">
    <ele>3271</ele>
   </trkpt>
   <trkpt lat="39.253058" lon="-106.410269">
    <ele>3268</ele>
   </trkpt>
   <trkpt lat="39.252571" lon="-106.409623">
    <ele>3267</ele>
   </trkpt>
   <trkpt lat="39.252557" lon="-106.409479">
    <ele>3270</ele>
   </trkpt>
   <trkpt lat="39.252397" lon="-106.409245">
    <ele>3272</ele>
   </trkpt>
   <trkpt lat="39.251903" lon="-106.408338">
    <ele>3269</ele>
   </trkpt>
   <trkpt lat="39.251722" lon="-106.407763">
    <ele>3267</ele>
   </trkpt>
   <trkpt lat="39.251562" lon="-106.407655">
    <ele>3266</ele>
   </trkpt>
   <trkpt lat="39.251381" lon="-106.407359">
    <ele>3265</ele>
   </trkpt>
   <trkpt lat="39.250748" lon="-106.407359">
    <ele>3255</ele>
   </trkpt>
   <trkpt lat="39.250602" lon="-106.40726">
    <ele>3253</ele>
   </trkpt>
   <trkpt lat="39.250505" lon="-106.407026">
    <ele>3251</ele>
   </trkpt>
   <trkpt lat="39.250505" lon="-106.406568">
    <ele>3246</ele>
   </trkpt>
   <trkpt lat="39.250637" lon="-106.406155">
    <ele>3243</ele>
   </trkpt>
   <trkpt lat="39.250588" lon="-106.405562">
    <ele>3237</ele>
   </trkpt>
   <trkpt lat="39.250463" lon="-106.405203">
    <ele>3234</ele>
   </trkpt>
   <trkpt lat="39.250546" lon="-106.404475">
    <ele>3226</ele>
   </trkpt>
   <trkpt lat="39.250491" lon="-106.404188">
    <ele>3224</ele>
   </trkpt>
   <trkpt lat="39.250254" lon="-106.403981">
    <ele>3221</ele>
   </trkpt>
   <trkpt lat="39.249712" lon="-106.403909">
    <ele>3211</ele>
   </trkpt>
   <trkpt lat="39.249378" lon="-106.403532">
    <ele>3210</ele>
   </trkpt>
   <trkpt lat="39.249072" lon="-106.402894">
    <ele>3206</ele>
   </trkpt>
   <trkpt lat="39.248905" lon="-106.402759">
    <ele>3204</ele>
   </trkpt>
   <trkpt lat="39.248696" lon="-106.402086">
    <ele>3199</ele>
   </trkpt>
   <trkpt lat="39.248466" lon="-106.401646">
    <ele>3194</ele>
   </trkpt>
   <trkpt lat="39.248119" lon="-106.40161">
    <ele>3190</ele>
   </trkpt>
   <trkpt lat="39.247583" lon="-106.40196">
    <ele>3184</ele>
   </trkpt>
   <trkpt lat="39.247186" lon="-106.401924">
    <ele>3179</ele>
   </trkpt>
   <trkpt lat="39.246999" lon="-106.401825">
    <ele>3177</ele>
   </trkpt>
   <trkpt lat="39.246679" lon="-106.401744">
    <ele>3177</ele>
   </trkpt>
   <trkpt lat="39.246553" lon="-106.401619">
    <ele>3176</ele>
   </trkpt>
   <trkpt lat="39.246365" lon="-106.401259">
    <ele>3174</ele>
   </trkpt>
   <trkpt lat="39.246004" lon="-106.401008">
    <ele>3168</ele>
   </trkpt>
   <trkpt lat="39.245739" lon="-106.401017">
    <ele>3165</ele>
   </trkpt>
   <trkpt lat="39.24551" lon="-106.40116">
    <ele>3164</ele>
   </trkpt>
   <trkpt lat="39.245162" lon="-106.401053">
    <ele>3159</ele>
   </trkpt>
   <trkpt lat="39.244738" lon="-106.40063">
    <ele>3152</ele>
   </trkpt>
   <trkpt lat="39.244278" lon="-106.399759">
    <ele>3145</ele>
   </trkpt>
   <trkpt lat="39.24423" lon="-106.399346">
    <ele>3140</ele>
   </trkpt>
   <trkpt lat="39.244278" lon="-106.398978">
    <ele>3136</ele>
   </trkpt>
   <trkpt lat="39.244397" lon="-106.398879">
    <ele>3135</ele>
   </trkpt>
   <trkpt lat="39.24512" lon="-106.398654">
    <ele>3124</ele>
   </trkpt>
   <trkpt lat="39.245969" lon="-106.398115">
    <ele>3109</ele>
   </trkpt>
   <trkpt lat="39.246365" lon="-106.398106">
    <ele>3107</ele>
   </trkpt>
   <trkpt lat="39.246658" lon="-106.398268">
    <ele>3105</ele>
   </trkpt>
   <trkpt lat="39.247152" lon="-106.398187">
    <ele>3099</ele>
   </trkpt>
   <trkpt lat="39.247249" lon="-106.397989">
    <ele>3095</ele>
   </trkpt>
   <trkpt lat="39.247193" lon="-106.397792">
    <ele>3092</ele>
   </trkpt>
   <trkpt lat="39.246929" lon="-106.397513">
    <ele>3088</ele>
   </trkpt>
   <trkpt lat="39.246748" lon="-106.397396">
    <ele>3084</ele>
   </trkpt>
   <trkpt lat="39.246505" lon="-106.39692">
    <ele>3081</ele>
   </trkpt>
   <trkpt lat="39.245531" lon="-106.395887">
    <ele>3069</ele>
   </trkpt>
   <trkpt lat="39.245058" lon="-106.395196">
    <ele>3072</ele>
   </trkpt>
   <trkpt lat="39.244904" lon="-106.395079">
    <ele>3071</ele>
   </trkpt>
   <trkpt lat="39.244508" lon="-106.394181">
    <ele>3083</ele>
   </trkpt>
   <trkpt lat="39.244209" lon="-106.393704">
    <ele>3088</ele>
   </trkpt>
   <trkpt lat="39.242755" lon="-106.390965">
    <ele>3055</ele>
   </trkpt>
   <trkpt lat="39.242393" lon="-106.390327">
    <ele>3041</ele>
   </trkpt>
   <trkpt lat="39.241419" lon="-106.388377">
    <ele>3009</ele>
   </trkpt>
   <trkpt lat="39.241168" lon="-106.38791">
    <ele>2997</ele>
   </trkpt>
   <trkpt lat="39.240925" lon="-106.387829">
    <ele>2992</ele>
   </trkpt>
   <trkpt lat="39.240438" lon="-106.387928">
    <ele>2985</ele>
   </trkpt>
   <trkpt lat="39.240264" lon="-106.387758">
    <ele>2980</ele>
   </trkpt>
   <trkpt lat="39.240292" lon="-106.387587">
    <ele>2977</ele>
   </trkpt>
   <trkpt lat="39.240445" lon="-106.387389">
    <ele>2976</ele>
   </trkpt>
   <trkpt lat="39.240487" lon="-106.387111">
    <ele>2973</ele>
   </trkpt>
   <trkpt lat="39.239993" lon="-106.386078">
    <ele>2964</ele>
   </trkpt>
   <trkpt lat="39.238518" lon="-106.383311">
    <ele>2936</ele>
   </trkpt>
   <trkpt lat="39.238358" lon="-106.383248">
    <ele>2936</ele>
   </trkpt>
   <trkpt lat="39.237551" lon="-106.383769">
    <ele>2934</ele>
   </trkpt>
   <trkpt lat="39.237203" lon="-106.383715">
    <ele>2930</ele>
   </trkpt>
   <trkpt lat="39.236938" lon="-106.38341">
    <ele>2929</ele>
   </trkpt>
   <trkpt lat="39.236382" lon="-106.383167">
    <ele>2923</ele>
   </trkpt>
   <trkpt lat="39.236194" lon="-106.382997">
    <ele>2923</ele>
   </trkpt>
   <trkpt lat="39.235992" lon="-106.382961">
    <ele>2923</ele>
   </trkpt>
   <trkpt lat="39.23579" lon="-106.382781">
    <ele>2923</ele>
   </trkpt>
   <trkpt lat="39.235526" lon="-106.382386">
    <ele>2924</ele>
   </trkpt>
   <trkpt lat="39.235345" lon="-106.383347">
    <ele>2931</ele>
   </trkpt>
   <trkpt lat="39.235241" lon="-106.383634">
    <ele>2931</ele>
   </trkpt>
   <trkpt lat="39.235296" lon="-106.383769">
    <ele>2932</ele>
   </trkpt>
   <trkpt lat="39.235296" lon="-106.384434">
    <ele>2934</ele>
   </trkpt>
   <trkpt lat="39.235623" lon="-106.385602">
    <ele>2943</ele>
   </trkpt>
   <trkpt lat="39.235561" lon="-106.387156">
    <ele>2948</ele>
   </trkpt>
   <trkpt lat="39.235415" lon="-106.387677">
    <ele>2948</ele>
   </trkpt>
   <trkpt lat="39.235268" lon="-106.387856">
    <ele>2947</ele>
   </trkpt>
   <trkpt lat="39.233585" lon="-106.388674">
    <ele>2952</ele>
   </trkpt>
   <trkpt lat="39.232332" lon="-106.38906">
    <ele>2945</ele>
   </trkpt>
   <trkpt lat="39.231448" lon="-106.389545">
    <ele>2945</ele>
   </trkpt>
   <trkpt lat="39.231288" lon="-106.389689">
    <ele>2945</ele>
   </trkpt>
   <trkpt lat="39.230982" lon="-106.390282">
    <ele>2946</ele>
   </trkpt>
   <trkpt lat="39.23014" lon="-106.390875">
    <ele>2946</ele>
   </trkpt>
   <trkpt lat="39.228922" lon="-106.39171">
    <ele>2945</ele>
   </trkpt>
   <trkpt lat="39.228776" lon="-106.391719">
    <ele>2944</ele>
   </trkpt>
   <trkpt lat="39.228338" lon="-106.391441">
    <ele>2942</ele>
   </trkpt>
   <trkpt lat="39.227071" lon="-106.390129">
    <ele>2935</ele>
   </trkpt>
   <trkpt lat="39.226897" lon="-106.390048">
    <ele>2933</ele>
   </trkpt>
   <trkpt lat="39.226598" lon="-106.390156">
    <ele>2931</ele>
   </trkpt>
   <trkpt lat="39.226111" lon="-106.390506">
    <ele>2928</ele>
   </trkpt>
   <trkpt lat="39.225916" lon="-106.390533">
    <ele>2928</ele>
   </trkpt>
   <trkpt lat="39.225575" lon="-106.390318">
    <ele>2927</ele>
   </trkpt>
   <trkpt lat="39.225311" lon="-106.389896">
    <ele>2926</ele>
   </trkpt>
   <trkpt lat="39.224364" lon="-106.387641">
    <ele>2922</ele>
   </trkpt>
   <trkpt lat="39.223933" lon="-106.386796">
    <ele>2919</ele>
   </trkpt>
   <trkpt lat="39.222806" lon="-106.385233">
    <ele>2914</ele>
   </trkpt>
   <trkpt lat="39.222618" lon="-106.384631">
    <ele>2912</ele>
   </trkpt>
   <trkpt lat="39.222548" lon="-106.383527">
    <ele>2910</ele>
   </trkpt>
   <trkpt lat="39.222548" lon="-106.382251">
    <ele>2906</ele>
   </trkpt>
   <trkpt lat="39.222541" lon="-106.380966">
    <ele>2905</ele>
   </trkpt>
   <trkpt lat="39.222597" lon="-106.379062">
    <ele>2903</ele>
   </trkpt>
   <trkpt lat="39.222576" lon="-106.377849">
    <ele>2903</ele>
   </trkpt>
   <trkpt lat="39.222548" lon="-106.376636">
    <ele>2904</ele>
   </trkpt>
   <trkpt lat="39.22259" lon="-106.374427">
    <ele>2906</ele>
   </trkpt>
   <trkpt lat="39.222527" lon="-106.373977">
    <ele>2907</ele>
   </trkpt>
   <trkpt lat="39.222131" lon="-106.373816">
    <ele>2907</ele>
   </trkpt>
   <trkpt lat="39.2216752" lon="-106.3738085">
    <ele>2906</ele>
   </trkpt>
   <trkpt lat="39.221455" lon="-106.3738322">
    <ele>2906</ele>
   </trkpt>
   <trkpt lat="39.220057" lon="-106.373771">
    <ele>2904</ele>
   </trkpt>
   <trkpt lat="39.21902" lon="-106.373456">
    <ele>2903</ele>
   </trkpt>
   <trkpt lat="39.21785" lon="-106.372899">
    <ele>2902</ele>
   </trkpt>
   <trkpt lat="39.216438" lon="-106.372028">
    <ele>2900</ele>
   </trkpt>
   <trkpt lat="39.216271" lon="-106.372037">
    <ele>2900</ele>
   </trkpt>
   <trkpt lat="39.216083" lon="-106.372136">
    <ele>2899</ele>
   </trkpt>
   <trkpt lat="39.215693" lon="-106.372037">
    <ele>2898</ele>
   </trkpt>
   <trkpt lat="39.214384" lon="-106.370788">
    <ele>2898</ele>
   </trkpt>
   <trkpt lat="39.212561" lon="-106.369818">
    <ele>2895</ele>
   </trkpt>
   <trkpt lat="39.212373" lon="-106.369342">
    <ele>2894</ele>
   </trkpt>
   <trkpt lat="39.21222" lon="-106.368399">
    <ele>2895</ele>
   </trkpt>
   <trkpt lat="39.212143" lon="-106.368174">
    <ele>2895</ele>
   </trkpt>
   <trkpt lat="39.212011" lon="-106.367977">
    <ele>2894</ele>
   </trkpt>
   <trkpt lat="39.211844" lon="-106.367285">
    <ele>2894</ele>
   </trkpt>
   <trkpt lat="39.211886" lon="-106.364797">
    <ele>2896</ele>
   </trkpt>
   <trkpt lat="39.211858" lon="-106.363835">
    <ele>2896</ele>
   </trkpt>
   <trkpt lat="39.2119" lon="-106.363045">
    <ele>2895</ele>
   </trkpt>
   <trkpt lat="39.211795" lon="-106.362865">
    <ele>2894</ele>
   </trkpt>
   <trkpt lat="39.210153" lon="-106.361805">
    <ele>2892</ele>
   </trkpt>
   <trkpt lat="39.208705" lon="-106.361069">
    <ele>2888</ele>
   </trkpt>
   <trkpt lat="39.208392" lon="-106.361167">
    <ele>2888</ele>
   </trkpt>
   <trkpt lat="39.207563" lon="-106.361841">
    <ele>2887</ele>
   </trkpt>
   <trkpt lat="39.207194" lon="-106.36203">
    <ele>2888</ele>
   </trkpt>
   <trkpt lat="39.203797" lon="-106.362227">
    <ele>2890</ele>
   </trkpt>
   <trkpt lat="39.202489" lon="-106.362201">
    <ele>2892</ele>
   </trkpt>
   <trkpt lat="39.201814" lon="-106.361697">
    <ele>2892</ele>
   </trkpt>
   <trkpt lat="39.200011" lon="-106.361679">
    <ele>2893</ele>
   </trkpt>
   <trkpt lat="39.199642" lon="-106.361617">
    <ele>2896</ele>
   </trkpt>
   <trkpt lat="39.198333" lon="-106.361635">
    <ele>2899</ele>
   </trkpt>
   <trkpt lat="39.197017" lon="-106.361644">
    <ele>2901</ele>
   </trkpt>
   <trkpt lat="39.196091" lon="-106.361626">
    <ele>2903</ele>
   </trkpt>
   <trkpt lat="39.195165" lon="-106.361599">
    <ele>2904</ele>
   </trkpt>
   <trkpt lat="39.193661" lon="-106.361527">
    <ele>2905</ele>
   </trkpt>
   <trkpt lat="39.193536" lon="-106.361715">
    <ele>2905</ele>
   </trkpt>
   <trkpt lat="39.193564" lon="-106.364195">
    <ele>2910</ele>
   </trkpt>
   <trkpt lat="39.193592" lon="-106.368974">
    <ele>2920</ele>
   </trkpt>
   <trkpt lat="39.193557" lon="-106.370968">
    <ele>2923</ele>
   </trkpt>
   <trkpt lat="39.19293" lon="-106.372342">
    <ele>2926</ele>
   </trkpt>
   <trkpt lat="39.192645" lon="-106.373519">
    <ele>2928</ele>
   </trkpt>
   <trkpt lat="39.192631" lon="-106.374498">
    <ele>2931</ele>
   </trkpt>
   <trkpt lat="39.192694" lon="-106.37554">
    <ele>2932</ele>
   </trkpt>
   <trkpt lat="39.192638" lon="-106.376026">
    <ele>2933</ele>
   </trkpt>
   <trkpt lat="39.192923" lon="-106.376771">
    <ele>2933</ele>
   </trkpt>
   <trkpt lat="39.192951" lon="-106.377023">
    <ele>2933</ele>
   </trkpt>
   <trkpt lat="39.192805" lon="-106.377553">
    <ele>2934</ele>
   </trkpt>
   <trkpt lat="39.192763" lon="-106.377571">
    <ele>2934</ele>
   </trkpt>
   <trkpt lat="39.191454" lon="-106.37643">
    <ele>2938</ele>
   </trkpt>
   <trkpt lat="39.191336" lon="-106.376385">
    <ele>2938</ele>
   </trkpt>
   <trkpt lat="39.191148" lon="-106.376475">
    <ele>2939</ele>
   </trkpt>
   <trkpt lat="39.190904" lon="-106.376376">
    <ele>2940</ele>
   </trkpt>
   <trkpt lat="39.189052" lon="-106.374687">
    <ele>2940</ele>
   </trkpt>
   <trkpt lat="39.1890127" lon="-106.374687">
    <ele>2940</ele>
   </trkpt>
   <trkpt lat="39.188356" lon="-106.374103">
    <ele>2941</ele>
   </trkpt>
   <trkpt lat="39.186532" lon="-106.372504">
    <ele>2939</ele>
   </trkpt>
   <trkpt lat="39.185717" lon="-106.371803">
    <ele>2941</ele>
   </trkpt>
   <trkpt lat="39.18493" lon="-106.371031">
    <ele>2941</ele>
   </trkpt>
   <trkpt lat="39.183712" lon="-106.369935">
    <ele>2941</ele>
   </trkpt>
   <trkpt lat="39.182473" lon="-106.36892">
    <ele>2942</ele>
   </trkpt>
   <trkpt lat="39.182291" lon="-106.368677">
    <ele>2941</ele>
   </trkpt>
   <trkpt lat="39.181156" lon="-106.367788">
    <ele>2942</ele>
   </trkpt>
   <trkpt lat="39.180864" lon="-106.367474">
    <ele>2941</ele>
   </trkpt>
   <trkpt lat="39.180056" lon="-106.366962">
    <ele>2942</ele>
   </trkpt>
   <trkpt lat="39.179416" lon="-106.366243">
    <ele>2941</ele>
   </trkpt>
   <trkpt lat="39.178629" lon="-106.365596">
    <ele>2940</ele>
   </trkpt>
   <trkpt lat="39.178058" lon="-106.365443">
    <ele>2940</ele>
   </trkpt>
   <trkpt lat="39.177417" lon="-106.364895">
    <ele>2938</ele>
   </trkpt>
   <trkpt lat="39.1767" lon="-106.364482">
    <ele>2937</ele>
   </trkpt>
   <trkpt lat="39.175091" lon="-106.363422">
    <ele>2932</ele>
   </trkpt>
   <trkpt lat="39.174304" lon="-106.362722">
    <ele>2932</ele>
   </trkpt>
   <trkpt lat="39.173789" lon="-106.36247">
    <ele>2932</ele>
   </trkpt>
   <trkpt lat="39.173719" lon="-106.362578">
    <ele>2933</ele>
   </trkpt>
   <trkpt lat="39.173768" lon="-106.363773">
    <ele>2937</ele>
   </trkpt>
   <trkpt lat="39.17365" lon="-106.363916">
    <ele>2937</ele>
   </trkpt>
   <trkpt lat="39.172424" lon="-106.364365">
    <ele>2940</ele>
   </trkpt>
   <trkpt lat="39.171846" lon="-106.364473">
    <ele>2941</ele>
   </trkpt>
   <trkpt lat="39.171226" lon="-106.364725">
    <ele>2944</ele>
   </trkpt>
   <trkpt lat="39.169959" lon="-106.364842">
    <ele>2949</ele>
   </trkpt>
   <trkpt lat="39.169596" lon="-106.364815">
    <ele>2950</ele>
   </trkpt>
   <trkpt lat="39.169457" lon="-106.364886">
    <ele>2950</ele>
   </trkpt>
   <trkpt lat="39.169304" lon="-106.365138">
    <ele>2951</ele>
   </trkpt>
   <trkpt lat="39.168956" lon="-106.366153">
    <ele>2955</ele>
   </trkpt>
   <trkpt lat="39.167967" lon="-106.366755">
    <ele>2963</ele>
   </trkpt>
   <trkpt lat="39.167082" lon="-106.367662">
    <ele>2973</ele>
   </trkpt>
   <trkpt lat="39.166818" lon="-106.367815">
    <ele>2975</ele>
   </trkpt>
   <trkpt lat="39.165961" lon="-106.367905">
    <ele>2979</ele>
   </trkpt>
   <trkpt lat="39.164261" lon="-106.368839">
    <ele>2984</ele>
   </trkpt>
   <trkpt lat="39.16369" lon="-106.368947">
    <ele>2986</ele>
   </trkpt>
   <trkpt lat="39.163119" lon="-106.368929">
    <ele>2986</ele>
   </trkpt>
   <trkpt lat="39.162269" lon="-106.36857">
    <ele>2986</ele>
   </trkpt>
   <trkpt lat="39.161496" lon="-106.368363">
    <ele>2985</ele>
   </trkpt>
   <trkpt lat="39.16103" lon="-106.368354">
    <ele>2984</ele>
   </trkpt>
   <trkpt lat="39.160556" lon="-106.368605">
    <ele>2983</ele>
   </trkpt>
   <trkpt lat="39.160319" lon="-106.368552">
    <ele>2984</ele>
   </trkpt>
   <trkpt lat="39.159936" lon="-106.368264">
    <ele>2984</ele>
   </trkpt>
   <trkpt lat="39.159233" lon="-106.367968">
    <ele>2986</ele>
   </trkpt>
   <trkpt lat="39.157456" lon="-106.367626">
    <ele>2990</ele>
   </trkpt>
   <trkpt lat="39.157066" lon="-106.367779">
    <ele>2992</ele>
   </trkpt>
   <trkpt lat="39.155861" lon="-106.368911">
    <ele>2997</ele>
   </trkpt>
   <trkpt lat="39.154754" lon="-106.370187">
    <ele>3003</ele>
   </trkpt>
   <trkpt lat="39.153792" lon="-106.371004">
    <ele>3007</ele>
   </trkpt>
   <trkpt lat="39.152524" lon="-106.371561">
    <ele>3009</ele>
   </trkpt>
   <trkpt lat="39.1518" lon="-106.371705">
    <ele>3009</ele>
   </trkpt>
   <trkpt lat="39.150755" lon="-106.371633">
    <ele>3009</ele>
   </trkpt>
   <trkpt lat="39.150065" lon="-106.371498">
    <ele>3006</ele>
   </trkpt>
   <trkpt lat="39.149891" lon="-106.371597">
    <ele>3005</ele>
   </trkpt>
   <trkpt lat="39.149703" lon="-106.371974">
    <ele>3004</ele>
   </trkpt>
   <trkpt lat="39.14964" lon="-106.373358">
    <ele>3003</ele>
   </trkpt>
   <trkpt lat="39.149487" lon="-106.373941">
    <ele>3002</ele>
   </trkpt>
   <trkpt lat="39.149376" lon="-106.374148">
    <ele>3001</ele>
   </trkpt>
   <trkpt lat="39.149146" lon="-106.374157">
    <ele>2999</ele>
   </trkpt>
   <trkpt lat="39.148087" lon="-106.37254">
    <ele>3003</ele>
   </trkpt>
   <trkpt lat="39.147787" lon="-106.372504">
    <ele>3004</ele>
   </trkpt>
   <trkpt lat="39.147523" lon="-106.372729">
    <ele>3005</ele>
   </trkpt>
   <trkpt lat="39.146582" lon="-106.372953">
    <ele>3006</ele>
   </trkpt>
   <trkpt lat="39.146415" lon="-106.373124">
    <ele>3006</ele>
   </trkpt>
   <trkpt lat="39.146255" lon="-106.373492">
    <ele>3008</ele>
   </trkpt>
   <trkpt lat="39.146025" lon="-106.375442">
    <ele>3014</ele>
   </trkpt>
   <trkpt lat="39.146053" lon="-106.375549">
    <ele>3015</ele>
   </trkpt>
   <trkpt lat="39.145934" lon="-106.376044">
    <ele>3017</ele>
   </trkpt>
   <trkpt lat="39.145892" lon="-106.376106">
    <ele>3017</ele>
   </trkpt>
   <trkpt lat="39.14592" lon="-106.377274">
    <ele>3023</ele>
   </trkpt>
   <trkpt lat="39.145941" lon="-106.378442">
    <ele>3028</ele>
   </trkpt>
   <trkpt lat="39.145858" lon="-106.378703">
    <ele>3030</ele>
   </trkpt>
   <trkpt lat="39.145168" lon="-106.379628">
    <ele>3036</ele>
   </trkpt>
   <trkpt lat="39.144924" lon="-106.380427">
    <ele>3040</ele>
   </trkpt>
   <trkpt lat="39.14475" lon="-106.381613">
    <ele>3045</ele>
   </trkpt>
   <trkpt lat="39.144764" lon="-106.382188">
    <ele>3048</ele>
   </trkpt>
   <trkpt lat="39.144659" lon="-106.38367">
    <ele>3052</ele>
   </trkpt>
   <trkpt lat="39.14484" lon="-106.384479">
    <ele>3052</ele>
   </trkpt>
   <trkpt lat="39.145084" lon="-106.384991">
    <ele>3055</ele>
   </trkpt>
   <trkpt lat="39.145196" lon="-106.385386">
    <ele>3057</ele>
   </trkpt>
   <trkpt lat="39.145126" lon="-106.386123">
    <ele>3059</ele>
   </trkpt>
   <trkpt lat="39.145279" lon="-106.386751">
    <ele>3064</ele>
   </trkpt>
   <trkpt lat="39.144854" lon="-106.386958">
    <ele>3060</ele>
   </trkpt>
   <trkpt lat="39.14468" lon="-106.387317">
    <ele>3062</ele>
   </trkpt>
   <trkpt lat="39.144576" lon="-106.388099">
    <ele>3063</ele>
   </trkpt>
   <trkpt lat="39.144269" lon="-106.388719">
    <ele>3059</ele>
   </trkpt>
   <trkpt lat="39.144269" lon="-106.389204">
    <ele>3058</ele>
   </trkpt>
   <trkpt lat="39.144541" lon="-106.391234">
    <ele>3055</ele>
   </trkpt>
   <trkpt lat="39.144847" lon="-106.392528">
    <ele>3057</ele>
   </trkpt>
   <trkpt lat="39.145453" lon="-106.394198">
    <ele>3060</ele>
   </trkpt>
   <trkpt lat="39.145335" lon="-106.39445">
    <ele>3060</ele>
   </trkpt>
   <trkpt lat="39.144959" lon="-106.394684">
    <ele>3059</ele>
   </trkpt>
   <trkpt lat="39.144917" lon="-106.394782">
    <ele>3061</ele>
   </trkpt>
   <trkpt lat="39.144165" lon="-106.395259">
    <ele>3062</ele>
   </trkpt>
   <trkpt lat="39.143983" lon="-106.395582">
    <ele>3061</ele>
   </trkpt>
   <trkpt lat="39.14383" lon="-106.396283">
    <ele>3062</ele>
   </trkpt>
   <trkpt lat="39.143642" lon="-106.396777">
    <ele>3065</ele>
   </trkpt>
   <trkpt lat="39.143496" lon="-106.397468">
    <ele>3069</ele>
   </trkpt>
   <trkpt lat="39.143336" lon="-106.397675">
    <ele>3068</ele>
   </trkpt>
   <trkpt lat="39.143301" lon="-106.398088">
    <ele>3072</ele>
   </trkpt>
   <trkpt lat="39.143238" lon="-106.398385">
    <ele>3075</ele>
   </trkpt>
   <trkpt lat="39.142374" lon="-106.398726">
    <ele>3079</ele>
   </trkpt>
   <trkpt lat="39.141858" lon="-106.398439">
    <ele>3080</ele>
   </trkpt>
   <trkpt lat="39.141656" lon="-106.398187">
    <ele>3083</ele>
   </trkpt>
   <trkpt lat="39.141043" lon="-106.397882">
    <ele>3089</ele>
   </trkpt>
   <trkpt lat="39.140646" lon="-106.397585">
    <ele>3092</ele>
   </trkpt>
   <trkpt lat="39.140381" lon="-106.397468">
    <ele>3092</ele>
   </trkpt>
   <trkpt lat="39.139845" lon="-106.397576">
    <ele>3094</ele>
   </trkpt>
   <trkpt lat="39.138835" lon="-106.398097">
    <ele>3096</ele>
   </trkpt>
   <trkpt lat="39.138528" lon="-106.398034">
    <ele>3098</ele>
   </trkpt>
   <trkpt lat="39.138187" lon="-106.397783">
    <ele>3100</ele>
   </trkpt>
   <trkpt lat="39.13779" lon="-106.397612">
    <ele>3106</ele>
   </trkpt>
   <trkpt lat="39.137246" lon="-106.397504">
    <ele>3111</ele>
   </trkpt>
   <trkpt lat="39.13602" lon="-106.397019">
    <ele>3124</ele>
   </trkpt>
   <trkpt lat="39.135762" lon="-106.396974">
    <ele>3127</ele>
   </trkpt>
   <trkpt lat="39.135142" lon="-106.396471">
    <ele>3132</ele>
   </trkpt>
   <trkpt lat="39.134745" lon="-106.39631">
    <ele>3135</ele>
   </trkpt>
   <trkpt lat="39.134041" lon="-106.395833">
    <ele>3138</ele>
   </trkpt>
   <trkpt lat="39.133337" lon="-106.395591">
    <ele>3143</ele>
   </trkpt>
   <trkpt lat="39.132187" lon="-106.394944">
    <ele>3153</ele>
   </trkpt>
   <trkpt lat="39.131574" lon="-106.393624">
    <ele>3154</ele>
   </trkpt>
   <trkpt lat="39.1314" lon="-106.393363">
    <ele>3153</ele>
   </trkpt>
   <trkpt lat="39.130369" lon="-106.392564">
    <ele>3158</ele>
   </trkpt>
   <trkpt lat="39.130257" lon="-106.392537">
    <ele>3159</ele>
   </trkpt>
   <trkpt lat="39.129184" lon="-106.391351">
    <ele>3163</ele>
   </trkpt>
   <trkpt lat="39.128661" lon="-106.390596">
    <ele>3161</ele>
   </trkpt>
   <trkpt lat="39.128278" lon="-106.3903">
    <ele>3162</ele>
   </trkpt>
   <trkpt lat="39.12786" lon="-106.390183">
    <ele>3163</ele>
   </trkpt>
   <trkpt lat="39.127038" lon="-106.390156">
    <ele>3164</ele>
   </trkpt>
   <trkpt lat="39.126668" lon="-106.39047">
    <ele>3163</ele>
   </trkpt>
   <trkpt lat="39.125944" lon="-106.390965">
    <ele>3148</ele>
   </trkpt>
   <trkpt lat="39.125588" lon="-106.391108">
    <ele>3142</ele>
   </trkpt>
   <trkpt lat="39.1254" lon="-106.391126">
    <ele>3140</ele>
   </trkpt>
   <trkpt lat="39.125289" lon="-106.391234">
    <ele>3141</ele>
   </trkpt>
   <trkpt lat="39.125107" lon="-106.391243">
    <ele>3140</ele>
   </trkpt>
   <trkpt lat="39.125024" lon="-106.391315">
    <ele>3140</ele>
   </trkpt>
   <trkpt lat="39.124836" lon="-106.39127">
    <ele>3142</ele>
   </trkpt>
   <trkpt lat="39.124647" lon="-106.39145">
    <ele>3146</ele>
   </trkpt>
   <trkpt lat="39.124633" lon="-106.390992">
    <ele>3148</ele>
   </trkpt>
   <trkpt lat="39.124487" lon="-106.391054">
    <ele>3151</ele>
   </trkpt>
   <trkpt lat="39.124355" lon="-106.391207">
    <ele>3154</ele>
   </trkpt>
   <trkpt lat="39.124292" lon="-106.391018">
    <ele>3155</ele>
   </trkpt>
   <trkpt lat="39.124334" lon="-106.39074">
    <ele>3155</ele>
   </trkpt>
   <trkpt lat="39.124285" lon="-106.390506">
    <ele>3155</ele>
   </trkpt>
   <trkpt lat="39.124034" lon="-106.390363">
    <ele>3157</ele>
   </trkpt>
   <trkpt lat="39.123999" lon="-106.389824">
    <ele>3157</ele>
   </trkpt>
   <trkpt lat="39.124125" lon="-106.389105">
    <ele>3154</ele>
   </trkpt>
   <trkpt lat="39.123804" lon="-106.388656">
    <ele>3158</ele>
   </trkpt>
   <trkpt lat="39.123449" lon="-106.388638">
    <ele>3164</ele>
   </trkpt>
   <trkpt lat="39.123274" lon="-106.388566">
    <ele>3166</ele>
   </trkpt>
   <trkpt lat="39.122522" lon="-106.388638">
    <ele>3178</ele>
   </trkpt>
   <trkpt lat="39.121839" lon="-106.388925">
    <ele>3188</ele>
   </trkpt>
   <trkpt lat="39.120856" lon="-106.389159">
    <ele>3199</ele>
   </trkpt>
   <trkpt lat="39.120982" lon="-106.389608">
    <ele>3205</ele>
   </trkpt>
   <trkpt lat="39.120605" lon="-106.389725">
    <ele>3209</ele>
   </trkpt>
   <trkpt lat="39.119867" lon="-106.3895">
    <ele>3213</ele>
   </trkpt>
   <trkpt lat="39.119567" lon="-106.389339">
    <ele>3215</ele>
   </trkpt>
   <trkpt lat="39.119386" lon="-106.389339">
    <ele>3217</ele>
   </trkpt>
   <trkpt lat="39.118828" lon="-106.389069">
    <ele>3222</ele>
   </trkpt>
   <trkpt lat="39.118473" lon="-106.388997">
    <ele>3225</ele>
   </trkpt>
   <trkpt lat="39.118243" lon="-106.38915">
    <ele>3229</ele>
   </trkpt>
   <trkpt lat="39.118124" lon="-106.389455">
    <ele>3233</ele>
   </trkpt>
   <trkpt lat="39.117845" lon="-106.389536">
    <ele>3233</ele>
   </trkpt>
   <trkpt lat="39.117483" lon="-106.389473">
    <ele>3231</ele>
   </trkpt>
   <trkpt lat="39.117392" lon="-106.389339">
    <ele>3231</ele>
   </trkpt>
   <trkpt lat="39.11719" lon="-106.388512">
    <ele>3230</ele>
   </trkpt>
   <trkpt lat="39.117002" lon="-106.38853">
    <ele>3229</ele>
   </trkpt>
   <trkpt lat="39.116633" lon="-106.388818">
    <ele>3223</ele>
   </trkpt>
   <trkpt lat="39.116403" lon="-106.389105">
    <ele>3218</ele>
   </trkpt>
   <trkpt lat="39.116138" lon="-106.389294">
    <ele>3211</ele>
   </trkpt>
   <trkpt lat="39.11581" lon="-106.389653">
    <ele>3204</ele>
   </trkpt>
   <trkpt lat="39.115636" lon="-106.390003">
    <ele>3202</ele>
   </trkpt>
   <trkpt lat="39.115267" lon="-106.390273">
    <ele>3197</ele>
   </trkpt>
   <trkpt lat="39.114995" lon="-106.39012">
    <ele>3191</ele>
   </trkpt>
   <trkpt lat="39.114667" lon="-106.389824">
    <ele>3189</ele>
   </trkpt>
   <trkpt lat="39.113949" lon="-106.389572">
    <ele>3187</ele>
   </trkpt>
   <trkpt lat="39.11374" lon="-106.389608">
    <ele>3187</ele>
   </trkpt>
   <trkpt lat="39.113594" lon="-106.389761">
    <ele>3187</ele>
   </trkpt>
   <trkpt lat="39.113496" lon="-106.389967">
    <ele>3188</ele>
   </trkpt>
   <trkpt lat="39.11335" lon="-106.39012">
    <ele>3188</ele>
   </trkpt>
   <trkpt lat="39.113259" lon="-106.390408">
    <ele>3189</ele>
   </trkpt>
   <trkpt lat="39.113071" lon="-106.390605">
    <ele>3191</ele>
   </trkpt>
   <trkpt lat="39.112904" lon="-106.390704">
    <ele>3191</ele>
   </trkpt>
   <trkpt lat="39.112723" lon="-106.39092">
    <ele>3192</ele>
   </trkpt>
   <trkpt lat="39.112506" lon="-106.39109">
    <ele>3192</ele>
   </trkpt>
   <trkpt lat="39.112381" lon="-106.391315">
    <ele>3191</ele>
   </trkpt>
   <trkpt lat="39.112158" lon="-106.391486">
    <ele>3191</ele>
   </trkpt>
   <trkpt lat="39.111747" lon="-106.391539">
    <ele>3192</ele>
   </trkpt>
   <trkpt lat="39.111656" lon="-106.391845">
    <ele>3193</ele>
   </trkpt>
   <trkpt lat="39.111356" lon="-106.392159">
    <ele>3198</ele>
   </trkpt>
   <trkpt lat="39.11128" lon="-106.392438">
    <ele>3199</ele>
   </trkpt>
   <trkpt lat="39.111336" lon="-106.39304">
    <ele>3201</ele>
   </trkpt>
   <trkpt lat="39.111126" lon="-106.393085">
    <ele>3201</ele>
   </trkpt>
   <trkpt lat="39.110917" lon="-106.393049">
    <ele>3201</ele>
   </trkpt>
   <trkpt lat="39.110827" lon="-106.393183">
    <ele>3204</ele>
   </trkpt>
   <trkpt lat="39.110206" lon="-106.393615">
    <ele>3209</ele>
   </trkpt>
   <trkpt lat="39.109851" lon="-106.393579">
    <ele>3206</ele>
   </trkpt>
   <trkpt lat="39.109642" lon="-106.393327">
    <ele>3205</ele>
   </trkpt>
   <trkpt lat="39.109732" lon="-106.393902">
    <ele>3213</ele>
   </trkpt>
   <trkpt lat="39.10946" lon="-106.393776">
    <ele>3215</ele>
   </trkpt>
   <trkpt lat="39.109307" lon="-106.393938">
    <ele>3219</ele>
   </trkpt>
   <trkpt lat="39.109182" lon="-106.393974">
    <ele>3221</ele>
   </trkpt>
   <trkpt lat="39.109126" lon="-106.394109">
    <ele>3222</ele>
   </trkpt>
   <trkpt lat="39.108903" lon="-106.394297">
    <ele>3223</ele>
   </trkpt>
   <trkpt lat="39.108227" lon="-106.394396">
    <ele>3221</ele>
   </trkpt>
   <trkpt lat="39.10776" lon="-106.394378">
    <ele>3219</ele>
   </trkpt>
   <trkpt lat="39.106902" lon="-106.394782">
    <ele>3216</ele>
   </trkpt>
   <trkpt lat="39.106233" lon="-106.394926">
    <ele>3208</ele>
   </trkpt>
   <trkpt lat="39.106038" lon="-106.395187">
    <ele>3207</ele>
   </trkpt>
   <trkpt lat="39.105857" lon="-106.395573">
    <ele>3208</ele>
   </trkpt>
   <trkpt lat="39.105641" lon="-106.395339">
    <ele>3205</ele>
   </trkpt>
   <trkpt lat="39.105139" lon="-106.395519">
    <ele>3208</ele>
   </trkpt>
   <trkpt lat="39.104811" lon="-106.395708">
    <ele>3208</ele>
   </trkpt>
   <trkpt lat="39.104532" lon="-106.395699">
    <ele>3206</ele>
   </trkpt>
   <trkpt lat="39.104219" lon="-106.395483">
    <ele>3199</ele>
   </trkpt>
   <trkpt lat="39.103717" lon="-106.394818">
    <ele>3187</ele>
   </trkpt>
   <trkpt lat="39.10302" lon="-106.394378">
    <ele>3182</ele>
   </trkpt>
   <trkpt lat="39.102831" lon="-106.394118">
    <ele>3176</ele>
   </trkpt>
   <trkpt lat="39.102622" lon="-106.394055">
    <ele>3178</ele>
   </trkpt>
   <trkpt lat="39.102211" lon="-106.393731">
    <ele>3174</ele>
   </trkpt>
   <trkpt lat="39.101862" lon="-106.393677">
    <ele>3178</ele>
   </trkpt>
   <trkpt lat="39.10166" lon="-106.393453">
    <ele>3174</ele>
   </trkpt>
   <trkpt lat="39.101437" lon="-106.393138">
    <ele>3165</ele>
   </trkpt>
   <trkpt lat="39.101367" lon="-106.393112">
    <ele>3166</ele>
   </trkpt>
   <trkpt lat="39.101312" lon="-106.393165">
    <ele>3169</ele>
   </trkpt>
   <trkpt lat="39.101214" lon="-106.393121">
    <ele>3171</ele>
   </trkpt>
   <trkpt lat="39.100817" lon="-106.392537">
    <ele>3163</ele>
   </trkpt>
   <trkpt lat="39.100635" lon="-106.392474">
    <ele>3164</ele>
   </trkpt>
   <trkpt lat="39.1003251" lon="-106.3917874">
    <ele>3149</ele>
   </trkpt>
   <trkpt lat="39.100129" lon="-106.3914133">
    <ele>3143</ele>
   </trkpt>
   <trkpt lat="39.0999437" lon="-106.391405">
    <ele>3143</ele>
   </trkpt>
   <trkpt lat="39.099632" lon="-106.391405">
    <ele>3142</ele>
   </trkpt>
   <trkpt lat="39.099137" lon="-106.390938">
    <ele>3137</ele>
   </trkpt>
   <trkpt lat="39.099004" lon="-106.390731">
    <ele>3134</ele>
   </trkpt>
   <trkpt lat="39.098683" lon="-106.390551">
    <ele>3133</ele>
   </trkpt>
   <trkpt lat="39.098481" lon="-106.390354">
    <ele>3126</ele>
   </trkpt>
   <trkpt lat="39.097924" lon="-106.390309">
    <ele>3125</ele>
   </trkpt>
   <trkpt lat="39.097547" lon="-106.390066">
    <ele>3116</ele>
   </trkpt>
   <trkpt lat="39.0974798" lon="-106.3900536">
    <ele>3116</ele>
   </trkpt>
   <trkpt lat="39.0973168" lon="-106.389944">
    <ele>3111</ele>
   </trkpt>
   <trkpt lat="39.0960457" lon="-106.3890502">
    <ele>3084</ele>
   </trkpt>
   <trkpt lat="39.0957006" lon="-106.388694">
    <ele>3066</ele>
   </trkpt>
   <trkpt lat="39.0953542" lon="-106.388455">
    <ele>3060</ele>
   </trkpt>
   <trkpt lat="39.095093" lon="-106.388719">
    <ele>3071</ele>
   </trkpt>
   <trkpt lat="39.094912" lon="-106.388593">
    <ele>3060</ele>
   </trkpt>
   <trkpt lat="39.094807" lon="-106.388584">
    <ele>3056</ele>
   </trkpt>
   <trkpt lat="39.094689" lon="-106.38844">
    <ele>3048</ele>
   </trkpt>
   <trkpt lat="39.094347" lon="-106.388791">
    <ele>3057</ele>
   </trkpt>
   <trkpt lat="39.093901" lon="-106.388898">
    <ele>3050</ele>
   </trkpt>
   <trkpt lat="39.093754" lon="-106.388979">
    <ele>3049</ele>
   </trkpt>
   <trkpt lat="39.093622" lon="-106.388907">
    <ele>3040</ele>
   </trkpt>
   <trkpt lat="39.09328" lon="-106.389222">
    <ele>3038</ele>
   </trkpt>
   <trkpt lat="39.093273" lon="-106.38933">
    <ele>3039</ele>
   </trkpt>
   <trkpt lat="39.093085" lon="-106.389258">
    <ele>3032</ele>
   </trkpt>
   <trkpt lat="39.093113" lon="-106.38941">
    <ele>3033</ele>
   </trkpt>
   <trkpt lat="39.09296" lon="-106.390048">
    <ele>3037</ele>
   </trkpt>
   <trkpt lat="39.092862" lon="-106.390021">
    <ele>3030</ele>
   </trkpt>
   <trkpt lat="39.092911" lon="-106.390776">
    <ele>3046</ele>
   </trkpt>
   <trkpt lat="39.092862" lon="-106.390758">
    <ele>3044</ele>
   </trkpt>
   <trkpt lat="39.092813" lon="-106.390812">
    <ele>3045</ele>
   </trkpt>
   <trkpt lat="39.092618" lon="-106.390794">
    <ele>3039</ele>
   </trkpt>
   <trkpt lat="39.092402" lon="-106.390992">
    <ele>3031</ele>
   </trkpt>
   <trkpt lat="39.092186" lon="-106.39162">
    <ele>3023</ele>
   </trkpt>
   <trkpt lat="39.092095" lon="-106.391504">
    <ele>3021</ele>
   </trkpt>
   <trkpt lat="39.091949" lon="-106.391432">
    <ele>3016</ele>
   </trkpt>
   <trkpt lat="39.091844" lon="-106.391584">
    <ele>3022</ele>
   </trkpt>
   <trkpt lat="39.091795" lon="-106.391459">
    <ele>3020</ele>
   </trkpt>
   <trkpt lat="39.091753" lon="-106.391513">
    <ele>3023</ele>
   </trkpt>
   <trkpt lat="39.091551" lon="-106.391234">
    <ele>3021</ele>
   </trkpt>
   <trkpt lat="39.091196" lon="-106.390363">
    <ele>3012</ele>
   </trkpt>
   <trkpt lat="39.090959" lon="-106.390345">
    <ele>3017</ele>
   </trkpt>
   <trkpt lat="39.090659" lon="-106.390129">
    <ele>3012</ele>
   </trkpt>
   <trkpt lat="39.090491" lon="-106.390093">
    <ele>3010</ele>
   </trkpt>
   <trkpt lat="39.090352" lon="-106.390192">
    <ele>3011</ele>
   </trkpt>
   <trkpt lat="39.090122" lon="-106.39012">
    <ele>3009</ele>
   </trkpt>
   <trkpt lat="39.090059" lon="-106.390003">
    <ele>3008</ele>
   </trkpt>
   <trkpt lat="39.089383" lon="-106.389869">
    <ele>3001</ele>
   </trkpt>
   <trkpt lat="39.089355" lon="-106.389976">
    <ele>3005</ele>
   </trkpt>
   <trkpt lat="39.089229" lon="-106.390129">
    <ele>3011</ele>
   </trkpt>
   <trkpt lat="39.088999" lon="-106.390066">
    <ele>3010</ele>
   </trkpt>
   <trkpt lat="39.088804" lon="-106.390075">
    <ele>3011</ele>
   </trkpt>
   <trkpt lat="39.088665" lon="-106.389958">
    <ele>3006</ele>
   </trkpt>
   <trkpt lat="39.088504" lon="-106.390084">
    <ele>3010</ele>
   </trkpt>
   <trkpt lat="39.088372" lon="-106.390102">
    <ele>3010</ele>
   </trkpt>
   <trkpt lat="39.088218" lon="-106.390255">
    <ele>3014</ele>
   </trkpt>
   <trkpt lat="39.087919" lon="-106.390147">
    <ele>3006</ele>
   </trkpt>
   <trkpt lat="39.087675" lon="-106.390282">
    <ele>3007</ele>
   </trkpt>
   <trkpt lat="39.087235" lon="-106.390857">
    <ele>3011</ele>
   </trkpt>
   <trkpt lat="39.087012" lon="-106.390785">
    <ele>3002</ele>
   </trkpt>
   <trkpt lat="39.086705" lon="-106.39109">
    <ele>3000</ele>
   </trkpt>
   <trkpt lat="39.086524" lon="-106.390848">
    <ele>2988</ele>
   </trkpt>
   <trkpt lat="39.085757" lon="-106.391468">
    <ele>2980</ele>
   </trkpt>
   <trkpt lat="39.085206" lon="-106.39109">
    <ele>2964</ele>
   </trkpt>
   <trkpt lat="39.0846" lon="-106.391611">
    <ele>2958</ele>
   </trkpt>
   <trkpt lat="39.084586" lon="-106.391495">
    <ele>2956</ele>
   </trkpt>
   <trkpt lat="39.084621" lon="-106.391342">
    <ele>2954</ele>
   </trkpt>
   <trkpt lat="39.084586" lon="-106.390749">
    <ele>2947</ele>
   </trkpt>
   <trkpt lat="39.084383" lon="-106.390479">
    <ele>2938</ele>
   </trkpt>
   <trkpt lat="39.084195" lon="-106.390444">
    <ele>2936</ele>
   </trkpt>
   <trkpt lat="39.084014" lon="-106.390713">
    <ele>2933</ele>
   </trkpt>
   <trkpt lat="39.083916" lon="-106.390785">
    <ele>2931</ele>
   </trkpt>
   <trkpt lat="39.08363" lon="-106.39056">
    <ele>2926</ele>
   </trkpt>
   <trkpt lat="39.083547" lon="-106.390668">
    <ele>2924</ele>
   </trkpt>
   <trkpt lat="39.083756" lon="-106.391333">
    <ele>2928</ele>
   </trkpt>
   <trkpt lat="39.083763" lon="-106.391531">
    <ele>2925</ele>
   </trkpt>
   <trkpt lat="39.083721" lon="-106.39162">
    <ele>2923</ele>
   </trkpt>
   <trkpt lat="39.083547" lon="-106.391557">
    <ele>2919</ele>
   </trkpt>
   <trkpt lat="39.082731" lon="-106.390641">
    <ele>2901</ele>
   </trkpt>
   <trkpt lat="39.082403" lon="-106.390435">
    <ele>2898</ele>
   </trkpt>
   <trkpt lat="39.082229" lon="-106.390408">
    <ele>2897</ele>
   </trkpt>
   <trkpt lat="39.082082" lon="-106.390524">
    <ele>2895</ele>
   </trkpt>
   <trkpt lat="39.081978" lon="-106.390524">
    <ele>2892</ele>
   </trkpt>
   <trkpt lat="39.081908" lon="-106.390363">
    <ele>2889</ele>
   </trkpt>
   <trkpt lat="39.082096" lon="-106.389662">
    <ele>2883</ele>
   </trkpt>
   <trkpt lat="39.0821648" lon="-106.3890656">
    <ele>2875</ele>
   </trkpt>
   <trkpt lat="39.0821408" lon="-106.3888673">
    <ele>2870</ele>
   </trkpt>
   <trkpt lat="39.0822873" lon="-106.3883185">
    <ele>2863</ele>
   </trkpt>
   <trkpt lat="39.0824789" lon="-106.3876614">
    <ele>2854</ele>
   </trkpt>
   <trkpt lat="39.0826771" lon="-106.3872718">
    <ele>2848</ele>
   </trkpt>
   <trkpt lat="39.08255" lon="-106.386877">
    <ele>2841</ele>
   </trkpt>
   <trkpt lat="39.082529" lon="-106.386635">
    <ele>2840</ele>
   </trkpt>
   <trkpt lat="39.082591" lon="-106.386437">
    <ele>2838</ele>
   </trkpt>
   <trkpt lat="39.082884" lon="-106.38623">
    <ele>2833</ele>
   </trkpt>
   <trkpt lat="39.082947" lon="-106.386087">
    <ele>2831</ele>
   </trkpt>
   <trkpt lat="39.082682" lon="-106.385602">
    <ele>2827</ele>
   </trkpt>
   <trkpt lat="39.082982" lon="-106.384488">
    <ele>2825</ele>
   </trkpt>
   <trkpt lat="39.0829877" lon="-106.3841316">
    <ele>2816</ele>
   </trkpt>
   <trkpt lat="39.0829478" lon="-106.3835683">
    <ele>2816</ele>
   </trkpt>
   <trkpt lat="39.0829204" lon="-106.382297">
    <ele>2815</ele>
   </trkpt>
   <trkpt lat="39.082919" lon="-106.382233">
    <ele>2815</ele>
   </trkpt>
   <trkpt lat="39.082808" lon="-106.382035">
    <ele>2814</ele>
   </trkpt>
   <trkpt lat="39.081615" lon="-106.382107">
    <ele>2810</ele>
   </trkpt>
   <trkpt lat="39.081525" lon="-106.382161">
    <ele>2810</ele>
   </trkpt>
   <trkpt lat="39.081483" lon="-106.382961">
    <ele>2811</ele>
   </trkpt>
   <trkpt lat="39.0814666" lon="-106.383026">
    <ele>2811</ele>
   </trkpt>
   <trkpt lat="39.081378" lon="-106.383203">
    <ele>2811</ele>
   </trkpt>
   <trkpt lat="39.081127" lon="-106.383841">
    <ele>2810</ele>
   </trkpt>
   <trkpt lat="39.081106" lon="-106.384048">
    <ele>2810</ele>
   </trkpt>
   <trkpt lat="39.080757" lon="-106.384524">
    <ele>2811</ele>
   </trkpt>
   <trkpt lat="39.080479" lon="-106.384748">
    <ele>2810</ele>
   </trkpt>
   <trkpt lat="39.080353" lon="-106.385081">
    <ele>2810</ele>
   </trkpt>
   <trkpt lat="39.080318" lon="-106.385539">
    <ele>2808</ele>
   </trkpt>
   <trkpt lat="39.080346" lon="-106.385997">
    <ele>2807</ele>
   </trkpt>
   <trkpt lat="39.079928" lon="-106.387713">
    <ele>2808</ele>
   </trkpt>
   <trkpt lat="39.079628" lon="-106.388449">
    <ele>2810</ele>
   </trkpt>
   <trkpt lat="39.079426" lon="-106.389473">
    <ele>2813</ele>
   </trkpt>
   <trkpt lat="39.07923" lon="-106.389599">
    <ele>2812</ele>
   </trkpt>
   <trkpt lat="39.078972" lon="-106.390219">
    <ele>2811</ele>
   </trkpt>
   <trkpt lat="39.078819" lon="-106.390794">
    <ele>2808</ele>
   </trkpt>
   <trkpt lat="39.078603" lon="-106.391252">
    <ele>2806</ele>
   </trkpt>
   <trkpt lat="39.078449" lon="-106.391405">
    <ele>2806</ele>
   </trkpt>
   <trkpt lat="39.078219" lon="-106.391513">
    <ele>2806</ele>
   </trkpt>
   <trkpt lat="39.078017" lon="-106.391917">
    <ele>2806</ele>
   </trkpt>
   <trkpt lat="39.077898" lon="-106.392564">
    <ele>2806</ele>
   </trkpt>
   <trkpt lat="39.077787" lon="-106.39277">
    <ele>2807</ele>
   </trkpt>
   <trkpt lat="39.077285" lon="-106.393309">
    <ele>2807</ele>
   </trkpt>
   <trkpt lat="39.076943" lon="-106.393561">
    <ele>2808</ele>
   </trkpt>
   <trkpt lat="39.076755" lon="-106.393579">
    <ele>2807</ele>
   </trkpt>
   <trkpt lat="39.076608" lon="-106.393426">
    <ele>2807</ele>
   </trkpt>
   <trkpt lat="39.076546" lon="-106.393147">
    <ele>2807</ele>
   </trkpt>
   <trkpt lat="39.076043" lon="-106.392932">
    <ele>2807</ele>
   </trkpt>
   <trkpt lat="39.075848" lon="-106.392923">
    <ele>2807</ele>
   </trkpt>
   <trkpt lat="39.075688" lon="-106.392806">
    <ele>2807</ele>
   </trkpt>
   <trkpt lat="39.075227" lon="-106.392914">
    <ele>2807</ele>
   </trkpt>
   <trkpt lat="39.074879" lon="-106.392815">
    <ele>2807</ele>
   </trkpt>
   <trkpt lat="39.074398" lon="-106.392411">
    <ele>2808</ele>
   </trkpt>
   <trkpt lat="39.074042" lon="-106.391935">
    <ele>2808</ele>
   </trkpt>
   <trkpt lat="39.073693" lon="-106.391782">
    <ele>2808</ele>
   </trkpt>
   <trkpt lat="39.073644" lon="-106.391557">
    <ele>2808</ele>
   </trkpt>
   <trkpt lat="39.073233" lon="-106.391135">
    <ele>2808</ele>
   </trkpt>
   <trkpt lat="39.073198" lon="-106.390947">
    <ele>2808</ele>
   </trkpt>
   <trkpt lat="39.073505" lon="-106.389752">
    <ele>2807</ele>
   </trkpt>
   <trkpt lat="39.073477" lon="-106.3895">
    <ele>2806</ele>
   </trkpt>
   <trkpt lat="39.073289" lon="-106.389321">
    <ele>2806</ele>
   </trkpt>
   <trkpt lat="39.073114" lon="-106.389384">
    <ele>2806</ele>
   </trkpt>
   <trkpt lat="39.072808" lon="-106.38924">
    <ele>2806</ele>
   </trkpt>
   <trkpt lat="39.07264" lon="-106.388916">
    <ele>2806</ele>
   </trkpt>
   <trkpt lat="39.072654" lon="-106.388755">
    <ele>2806</ele>
   </trkpt>
   <trkpt lat="39.072012" lon="-106.388252">
    <ele>2806</ele>
   </trkpt>
   <trkpt lat="39.071741" lon="-106.388476">
    <ele>2806</ele>
   </trkpt>
   <trkpt lat="39.071587" lon="-106.388485">
    <ele>2806</ele>
   </trkpt>
   <trkpt lat="39.071399" lon="-106.388225">
    <ele>2806</ele>
   </trkpt>
   <trkpt lat="39.071413" lon="-106.38809">
    <ele>2806</ele>
   </trkpt>
   <trkpt lat="39.071238" lon="-106.387758">
    <ele>2806</ele>
   </trkpt>
   <trkpt lat="39.070876" lon="-106.387398">
    <ele>2807</ele>
   </trkpt>
   <trkpt lat="39.070534" lon="-106.387147">
    <ele>2807</ele>
   </trkpt>
   <trkpt lat="39.070394" lon="-106.386967">
    <ele>2807</ele>
   </trkpt>
   <trkpt lat="39.069467" lon="-106.386482">
    <ele>2807</ele>
   </trkpt>
   <trkpt lat="39.067807" lon="-106.386401">
    <ele>2810</ele>
   </trkpt>
   <trkpt lat="39.066705" lon="-106.386284">
    <ele>2816</ele>
   </trkpt>
   <trkpt lat="39.0666" lon="-106.386186">
    <ele>2816</ele>
   </trkpt>
   <trkpt lat="39.066342" lon="-106.386239">
    <ele>2818</ele>
   </trkpt>
   <trkpt lat="39.065401" lon="-106.386195">
    <ele>2827</ele>
   </trkpt>
   <trkpt lat="39.065031" lon="-106.386123">
    <ele>2831</ele>
   </trkpt>
   <trkpt lat="39.06494" lon="-106.386024">
    <ele>2832</ele>
   </trkpt>
   <trkpt lat="39.06411" lon="-106.386239">
    <ele>2835</ele>
   </trkpt>
   <trkpt lat="39.063831" lon="-106.386365">
    <ele>2835</ele>
   </trkpt>
   <trkpt lat="39.063406" lon="-106.386365">
    <ele>2839</ele>
   </trkpt>
   <trkpt lat="39.063057" lon="-106.386221">
    <ele>2845</ele>
   </trkpt>
   <trkpt lat="39.062855" lon="-106.386293">
    <ele>2850</ele>
   </trkpt>
   <trkpt lat="39.062541" lon="-106.386662">
    <ele>2858</ele>
   </trkpt>
   <trkpt lat="39.062304" lon="-106.387093">
    <ele>2865</ele>
   </trkpt>
   <trkpt lat="39.062088" lon="-106.387246">
    <ele>2871</ele>
   </trkpt>
   <trkpt lat="39.061453" lon="-106.387497">
    <ele>2884</ele>
   </trkpt>
   <trkpt lat="39.06102" lon="-106.387398">
    <ele>2898</ele>
   </trkpt>
   <trkpt lat="39.06063" lon="-106.387407">
    <ele>2908</ele>
   </trkpt>
   <trkpt lat="39.060323" lon="-106.387533">
    <ele>2920</ele>
   </trkpt>
   <trkpt lat="39.060142" lon="-106.387802">
    <ele>2922</ele>
   </trkpt>
   <trkpt lat="39.060379" lon="-106.387578">
    <ele>2916</ele>
   </trkpt>
   <trkpt lat="39.060386" lon="-106.38738">
    <ele>2920</ele>
   </trkpt>
   <trkpt lat="39.060532" lon="-106.387057">
    <ele>2923</ele>
   </trkpt>
   <trkpt lat="39.06019" lon="-106.387084">
    <ele>2940</ele>
   </trkpt>
   <trkpt lat="39.060037" lon="-106.387281">
    <ele>2943</ele>
   </trkpt>
   <trkpt lat="39.059918" lon="-106.387524">
    <ele>2945</ele>
   </trkpt>
   <trkpt lat="39.059828" lon="-106.38756">
    <ele>2949</ele>
   </trkpt>
   <trkpt lat="39.059772" lon="-106.387659">
    <ele>2949</ele>
   </trkpt>
   <trkpt lat="39.059325" lon="-106.387991">
    <ele>2961</ele>
   </trkpt>
   <trkpt lat="39.059151" lon="-106.388207">
    <ele>2964</ele>
   </trkpt>
   <trkpt lat="39.058865" lon="-106.388377">
    <ele>2968</ele>
   </trkpt>
   <trkpt lat="39.058544" lon="-106.388467">
    <ele>2973</ele>
   </trkpt>
   <trkpt lat="39.05844" lon="-106.388548">
    <ele>2971</ele>
   </trkpt>
   <trkpt lat="39.057414" lon="-106.388539">
    <ele>2986</ele>
   </trkpt>
   <trkpt lat="39.056814" lon="-106.388485">
    <ele>2999</ele>
   </trkpt>
   <trkpt lat="39.056354" lon="-106.388602">
    <ele>3005</ele>
   </trkpt>
   <trkpt lat="39.056117" lon="-106.388548">
    <ele>3012</ele>
   </trkpt>
   <trkpt lat="39.055949" lon="-106.38862">
    <ele>3013</ele>
   </trkpt>
   <trkpt lat="39.054463" lon="-106.388512">
    <ele>3045</ele>
   </trkpt>
   <trkpt lat="39.05334" lon="-106.388818">
    <ele>3071</ele>
   </trkpt>
   <trkpt lat="39.052378" lon="-106.389177">
    <ele>3088</ele>
   </trkpt>
   <trkpt lat="39.051261" lon="-106.389518">
    <ele>3111</ele>
   </trkpt>
   <trkpt lat="39.050145" lon="-106.389851">
    <ele>3131</ele>
   </trkpt>
   <trkpt lat="39.049685" lon="-106.39012">
    <ele>3138</ele>
   </trkpt>
   <trkpt lat="39.049196" lon="-106.390336">
    <ele>3147</ele>
   </trkpt>
   <trkpt lat="39.048897" lon="-106.390605">
    <ele>3154</ele>
   </trkpt>
   <trkpt lat="39.048799" lon="-106.390677">
    <ele>3156</ele>
   </trkpt>
   <trkpt lat="39.048527" lon="-106.390542">
    <ele>3162</ele>
   </trkpt>
   <trkpt lat="39.048213" lon="-106.390291">
    <ele>3171</ele>
   </trkpt>
   <trkpt lat="39.048122" lon="-106.390165">
    <ele>3174</ele>
   </trkpt>
   <trkpt lat="39.047948" lon="-106.390156">
    <ele>3179</ele>
   </trkpt>
   <trkpt lat="39.047131" lon="-106.389491">
    <ele>3211</ele>
   </trkpt>
   <trkpt lat="39.046524" lon="-106.389437">
    <ele>3226</ele>
   </trkpt>
   <trkpt lat="39.046497" lon="-106.389491">
    <ele>3227</ele>
   </trkpt>
   <trkpt lat="39.046287" lon="-106.389428">
    <ele>3233</ele>
   </trkpt>
   <trkpt lat="39.046078" lon="-106.389473">
    <ele>3240</ele>
   </trkpt>
   <trkpt lat="39.046127" lon="-106.389653">
    <ele>3238</ele>
   </trkpt>
   <trkpt lat="39.046336" lon="-106.389958">
    <ele>3238</ele>
   </trkpt>
   <trkpt lat="39.046218" lon="-106.390021">
    <ele>3242</ele>
   </trkpt>
   <trkpt lat="39.04612" lon="-106.390165">
    <ele>3246</ele>
   </trkpt>
   <trkpt lat="39.046197" lon="-106.390399">
    <ele>3245</ele>
   </trkpt>
   <trkpt lat="39.046106" lon="-106.390372">
    <ele>3249</ele>
   </trkpt>
   <trkpt lat="39.04589" lon="-106.390201">
    <ele>3256</ele>
   </trkpt>
   <trkpt lat="39.045352" lon="-106.390228">
    <ele>3274</ele>
   </trkpt>
   <trkpt lat="39.045345" lon="-106.390273">
    <ele>3275</ele>
   </trkpt>
   <trkpt lat="39.044355" lon="-106.389824">
    <ele>3289</ele>
   </trkpt>
   <trkpt lat="39.044236" lon="-106.389878">
    <ele>3293</ele>
   </trkpt>
   <trkpt lat="39.044348" lon="-106.390048">
    <ele>3294</ele>
   </trkpt>
   <trkpt lat="39.044459" lon="-106.390327">
    <ele>3301</ele>
   </trkpt>
   <trkpt lat="39.044529" lon="-106.390417">
    <ele>3301</ele>
   </trkpt>
   <trkpt lat="39.044543" lon="-106.390569">
    <ele>3305</ele>
   </trkpt>
   <trkpt lat="39.044131" lon="-106.390237">
    <ele>3306</ele>
   </trkpt>
   <trkpt lat="39.043783" lon="-106.3903">
    <ele>3310</ele>
   </trkpt>
   <trkpt lat="39.043476" lon="-106.390677">
    <ele>3318</ele>
   </trkpt>
   <trkpt lat="39.042924" lon="-106.39083">
    <ele>3321</ele>
   </trkpt>
   <trkpt lat="39.041997" lon="-106.391566">
    <ele>3332</ele>
   </trkpt>
   <trkpt lat="39.041613" lon="-106.391701">
    <ele>3334</ele>
   </trkpt>
   <trkpt lat="39.041424" lon="-106.391917">
    <ele>3336</ele>
   </trkpt>
   <trkpt lat="39.040992" lon="-106.39215">
    <ele>3341</ele>
   </trkpt>
   <trkpt lat="39.040573" lon="-106.392267">
    <ele>3347</ele>
   </trkpt>
   <trkpt lat="39.039673" lon="-106.393183">
    <ele>3366</ele>
   </trkpt>
   <trkpt lat="39.039422" lon="-106.393336">
    <ele>3374</ele>
   </trkpt>
   <trkpt lat="39.039408" lon="-106.39357">
    <ele>3370</ele>
   </trkpt>
   <trkpt lat="39.039101" lon="-106.394001">
    <ele>3375</ele>
   </trkpt>
   <trkpt lat="39.039171" lon="-106.39419">
    <ele>3371</ele>
   </trkpt>
   <trkpt lat="39.039073" lon="-106.394351">
    <ele>3376</ele>
   </trkpt>
   <trkpt lat="39.03864" lon="-106.394711">
    <ele>3383</ele>
   </trkpt>
   <trkpt lat="39.038536" lon="-106.394845">
    <ele>3385</ele>
   </trkpt>
   <trkpt lat="39.038396" lon="-106.394899">
    <ele>3388</ele>
   </trkpt>
   <trkpt lat="39.038187" lon="-106.395178">
    <ele>3394</ele>
   </trkpt>
   <trkpt lat="39.038054" lon="-106.395546">
    <ele>3396</ele>
   </trkpt>
   <trkpt lat="39.038089" lon="-106.395744">
    <ele>3396</ele>
   </trkpt>
   <trkpt lat="39.03788" lon="-106.396058">
    <ele>3400</ele>
   </trkpt>
   <trkpt lat="39.036945" lon="-106.396328">
    <ele>3419</ele>
   </trkpt>
   <trkpt lat="39.036589" lon="-106.396678">
    <ele>3420</ele>
   </trkpt>
   <trkpt lat="39.036003" lon="-106.396875">
    <ele>3432</ele>
   </trkpt>
   <trkpt lat="39.035466" lon="-106.397307">
    <ele>3441</ele>
   </trkpt>
   <trkpt lat="39.035368" lon="-106.397289">
    <ele>3443</ele>
   </trkpt>
   <trkpt lat="39.03474" lon="-106.397729">
    <ele>3452</ele>
   </trkpt>
   <trkpt lat="39.034691" lon="-106.39781">
    <ele>3452</ele>
   </trkpt>
   <trkpt lat="39.034503" lon="-106.397873">
    <ele>3456</ele>
   </trkpt>
   <trkpt lat="39.034468" lon="-106.397837">
    <ele>3457</ele>
   </trkpt>
   <trkpt lat="39.034531" lon="-106.397765">
    <ele>3455</ele>
   </trkpt>
   <trkpt lat="39.034447" lon="-106.397639">
    <ele>3459</ele>
   </trkpt>
   <trkpt lat="39.033986" lon="-106.397756">
    <ele>3468</ele>
   </trkpt>
   <trkpt lat="39.033644" lon="-106.398295">
    <ele>3471</ele>
   </trkpt>
   <trkpt lat="39.033526" lon="-106.398358">
    <ele>3474</ele>
   </trkpt>
   <trkpt lat="39.033491" lon="-106.398448">
    <ele>3475</ele>
   </trkpt>
   <trkpt lat="39.033386" lon="-106.398492">
    <ele>3478</ele>
   </trkpt>
   <trkpt lat="39.033296" lon="-106.398744">
    <ele>3480</ele>
   </trkpt>
   <trkpt lat="39.032891" lon="-106.398861">
    <ele>3488</ele>
   </trkpt>
   <trkpt lat="39.032709" lon="-106.39913">
    <ele>3491</ele>
   </trkpt>
   <trkpt lat="39.032033" lon="-106.3994">
    <ele>3505</ele>
   </trkpt>
   <trkpt lat="39.031802" lon="-106.399436">
    <ele>3511</ele>
   </trkpt>
   <trkpt lat="39.031356" lon="-106.399642">
    <ele>3519</ele>
   </trkpt>
   <trkpt lat="39.031405" lon="-106.399678">
    <ele>3518</ele>
   </trkpt>
   <trkpt lat="39.031021" lon="-106.399696">
    <ele>3526</ele>
   </trkpt>
   <trkpt lat="39.030839" lon="-106.399831">
    <ele>3530</ele>
   </trkpt>
   <trkpt lat="39.030644" lon="-106.399813">
    <ele>3536</ele>
   </trkpt>
   <trkpt lat="39.030749" lon="-106.399921">
    <ele>3533</ele>
   </trkpt>
   <trkpt lat="39.030539" lon="-106.399921">
    <ele>3539</ele>
   </trkpt>
   <trkpt lat="39.030525" lon="-106.399993">
    <ele>3539</ele>
   </trkpt>
   <trkpt lat="39.030365" lon="-106.400082">
    <ele>3541</ele>
   </trkpt>
   <trkpt lat="39.029883" lon="-106.40002">
    <ele>3551</ele>
   </trkpt>
   <trkpt lat="39.029234" lon="-106.400325">
    <ele>3565</ele>
   </trkpt>
   <trkpt lat="39.029137" lon="-106.400532">
    <ele>3568</ele>
   </trkpt>
   <trkpt lat="39.029039" lon="-106.400621">
    <ele>3570</ele>
   </trkpt>
   <trkpt lat="39.029053" lon="-106.400684">
    <ele>3570</ele>
   </trkpt>
   <trkpt lat="39.028718" lon="-106.400828">
    <ele>3575</ele>
   </trkpt>
   <trkpt lat="39.02855" lon="-106.40099">
    <ele>3579</ele>
   </trkpt>
   <trkpt lat="39.027978" lon="-106.400954">
    <ele>3591</ele>
   </trkpt>
   <trkpt lat="39.027922" lon="-106.401044">
    <ele>3592</ele>
   </trkpt>
   <trkpt lat="39.027929" lon="-106.40116">
    <ele>3591</ele>
   </trkpt>
   <trkpt lat="39.027846" lon="-106.401178">
    <ele>3592</ele>
   </trkpt>
   <trkpt lat="39.027713" lon="-106.401304">
    <ele>3594</ele>
   </trkpt>
   <trkpt lat="39.027608" lon="-106.401304">
    <ele>3596</ele>
   </trkpt>
   <trkpt lat="39.027573" lon="-106.40143">
    <ele>3596</ele>
   </trkpt>
   <trkpt lat="39.026506" lon="-106.402283">
    <ele>3616</ele>
   </trkpt>
   <trkpt lat="39.02652" lon="-106.402355">
    <ele>3615</ele>
   </trkpt>
   <trkpt lat="39.026429" lon="-106.402274">
    <ele>3616</ele>
   </trkpt>
   <trkpt lat="39.026436" lon="-106.402337">
    <ele>3616</ele>
   </trkpt>
   <trkpt lat="39.02638" lon="-106.402355">
    <ele>3617</ele>
   </trkpt>
   <trkpt lat="39.026366" lon="-106.402283">
    <ele>3617</ele>
   </trkpt>
   <trkpt lat="39.026087" lon="-106.402337">
    <ele>3621</ele>
   </trkpt>
   <trkpt lat="39.025933" lon="-106.402436">
    <ele>3624</ele>
   </trkpt>
   <trkpt lat="39.025675" lon="-106.402463">
    <ele>3629</ele>
   </trkpt>
   <trkpt lat="39.02555" lon="-106.402625">
    <ele>3630</ele>
   </trkpt>
   <trkpt lat="39.025061" lon="-106.402732">
    <ele>3644</ele>
   </trkpt>
   <trkpt lat="39.02458" lon="-106.403218">
    <ele>3657</ele>
   </trkpt>
   <trkpt lat="39.024447" lon="-106.403424">
    <ele>3660</ele>
   </trkpt>
   <trkpt lat="39.024286" lon="-106.40355">
    <ele>3664</ele>
   </trkpt>
   <trkpt lat="39.024266" lon="-106.403694">
    <ele>3661</ele>
   </trkpt>
   <trkpt lat="39.023868" lon="-106.403837">
    <ele>3671</ele>
   </trkpt>
   <trkpt lat="39.023819" lon="-106.403999">
    <ele>3670</ele>
   </trkpt>
   <trkpt lat="39.023575" lon="-106.404197">
    <ele>3680</ele>
   </trkpt>
   <trkpt lat="39.023561" lon="-106.404394">
    <ele>3679</ele>
   </trkpt>
   <trkpt lat="39.02347" lon="-106.404439">
    <ele>3683</ele>
   </trkpt>
   <trkpt lat="39.023498" lon="-106.404224">
    <ele>3684</ele>
   </trkpt>
   <trkpt lat="39.0234" lon="-106.404287">
    <ele>3689</ele>
   </trkpt>
   <trkpt lat="39.023379" lon="-106.404385">
    <ele>3688</ele>
   </trkpt>
   <trkpt lat="39.022919" lon="-106.404574">
    <ele>3706</ele>
   </trkpt>
   <trkpt lat="39.022898" lon="-106.404709">
    <ele>3704</ele>
   </trkpt>
   <trkpt lat="39.022619" lon="-106.405023">
    <ele>3712</ele>
   </trkpt>
   <trkpt lat="39.022507" lon="-106.405212">
    <ele>3714</ele>
   </trkpt>
   <trkpt lat="39.022304" lon="-106.405356">
    <ele>3720</ele>
   </trkpt>
   <trkpt lat="39.022095" lon="-106.405436">
    <ele>3727</ele>
   </trkpt>
   <trkpt lat="39.02227" lon="-106.405113">
    <ele>3728</ele>
   </trkpt>
   <trkpt lat="39.022221" lon="-106.405005">
    <ele>3733</ele>
   </trkpt>
   <trkpt lat="39.022046" lon="-106.405014">
    <ele>3738</ele>
   </trkpt>
   <trkpt lat="39.021781" lon="-106.405113">
    <ele>3745</ele>
   </trkpt>
   <trkpt lat="39.021411" lon="-106.405347">
    <ele>3753</ele>
   </trkpt>
   <trkpt lat="39.021411" lon="-106.405293">
    <ele>3755</ele>
   </trkpt>
   <trkpt lat="39.021662" lon="-106.404888">
    <ele>3755</ele>
   </trkpt>
   <trkpt lat="39.020825" lon="-106.405005">
    <ele>3781</ele>
   </trkpt>
   <trkpt lat="39.020643" lon="-106.405185">
    <ele>3790</ele>
   </trkpt>
   <trkpt lat="39.020539" lon="-106.404861">
    <ele>3796</ele>
   </trkpt>
   <trkpt lat="39.020581" lon="-106.404754">
    <ele>3797</ele>
   </trkpt>
   <trkpt lat="39.02042" lon="-106.404682">
    <ele>3806</ele>
   </trkpt>
   <trkpt lat="39.020022" lon="-106.405032">
    <ele>3816</ele>
   </trkpt>
   <trkpt lat="39.019813" lon="-106.405077">
    <ele>3820</ele>
   </trkpt>
   <trkpt lat="39.019617" lon="-106.40496">
    <ele>3819</ele>
   </trkpt>
   <trkpt lat="39.018864" lon="-106.404206">
    <ele>3809</ele>
   </trkpt>
   <trkpt lat="39.018703" lon="-106.404152">
    <ele>3802</ele>
   </trkpt>
   <trkpt lat="39.018829" lon="-106.404853">
    <ele>3794</ele>
   </trkpt>
   <trkpt lat="39.018801" lon="-106.405356">
    <ele>3789</ele>
   </trkpt>
   <trkpt lat="39.018766" lon="-106.405409">
    <ele>3788</ele>
   </trkpt>
   <trkpt lat="39.018557" lon="-106.404978">
    <ele>3782</ele>
   </trkpt>
   <trkpt lat="39.018543" lon="-106.405463">
    <ele>3779</ele>
   </trkpt>
   <trkpt lat="39.018508" lon="-106.405589">
    <ele>3777</ele>
   </trkpt>
   <trkpt lat="39.017991" lon="-106.404727">
    <ele>3758</ele>
   </trkpt>
   <trkpt lat="39.017328" lon="-106.4039">
    <ele>3742</ele>
   </trkpt>
   <trkpt lat="39.016951" lon="-106.403658">
    <ele>3736</ele>
   </trkpt>
   <trkpt lat="39.016149" lon="-106.403523">
    <ele>3720</ele>
   </trkpt>
   <trkpt lat="39.015779" lon="-106.403245">
    <ele>3714</ele>
   </trkpt>
   <trkpt lat="39.015325" lon="-106.403083">
    <ele>3698</ele>
   </trkpt>
   <trkpt lat="39.015514" lon="-106.403622">
    <ele>3691</ele>
   </trkpt>
   <trkpt lat="39.015786" lon="-106.404116">
    <ele>3681</ele>
   </trkpt>
   <trkpt lat="39.015095" lon="-106.403748">
    <ele>3668</ele>
   </trkpt>
   <trkpt lat="39.015227" lon="-106.404224">
    <ele>3655</ele>
   </trkpt>
   <trkpt lat="39.015067" lon="-106.404215">
    <ele>3649</ele>
   </trkpt>
   <trkpt lat="39.014306" lon="-106.403227">
    <ele>3630</ele>
   </trkpt>
   <trkpt lat="39.014236" lon="-106.403927">
    <ele>3612</ele>
   </trkpt>
   <trkpt lat="39.014166" lon="-106.404152">
    <ele>3605</ele>
   </trkpt>
   <trkpt lat="39.014006" lon="-106.404385">
    <ele>3597</ele>
   </trkpt>
   <trkpt lat="39.013671" lon="-106.404403">
    <ele>3589</ele>
   </trkpt>
   <trkpt lat="39.013482" lon="-106.404475">
    <ele>3584</ele>
   </trkpt>
   <trkpt lat="39.013343" lon="-106.404349">
    <ele>3581</ele>
   </trkpt>
   <trkpt lat="39.013217" lon="-106.403945">
    <ele>3581</ele>
   </trkpt>
   <trkpt lat="39.012938" lon="-106.403541">
    <ele>3575</ele>
   </trkpt>
   <trkpt lat="39.012819" lon="-106.40346">
    <ele>3572</ele>
   </trkpt>
   <trkpt lat="39.012784" lon="-106.403721">
    <ele>3566</ele>
   </trkpt>
   <trkpt lat="39.012652" lon="-106.403604">
    <ele>3562</ele>
   </trkpt>
   <trkpt lat="39.012484" lon="-106.403271">
    <ele>3560</ele>
   </trkpt>
   <trkpt lat="39.012198" lon="-106.403065">
    <ele>3550</ele>
   </trkpt>
   <trkpt lat="39.012093" lon="-106.403748">
    <ele>3540</ele>
   </trkpt>
   <trkpt lat="39.011975" lon="-106.403882">
    <ele>3536</ele>
   </trkpt>
   <trkpt lat="39.011877" lon="-106.404071">
    <ele>3532</ele>
   </trkpt>
   <trkpt lat="39.011717" lon="-106.404188">
    <ele>3528</ele>
   </trkpt>
   <trkpt lat="39.011367" lon="-106.403703">
    <ele>3518</ele>
   </trkpt>
   <trkpt lat="39.011242" lon="-106.403631">
    <ele>3515</ele>
   </trkpt>
   <trkpt lat="39.010949" lon="-106.403119">
    <ele>3509</ele>
   </trkpt>
   <trkpt lat="39.010872" lon="-106.402822">
    <ele>3507</ele>
   </trkpt>
   <trkpt lat="39.010697" lon="-106.402562">
    <ele>3502</ele>
   </trkpt>
   <trkpt lat="39.010286" lon="-106.402957">
    <ele>3488</ele>
   </trkpt>
   <trkpt lat="39.00993" lon="-106.402337">
    <ele>3480</ele>
   </trkpt>
   <trkpt lat="39.00972" lon="-106.402211">
    <ele>3475</ele>
   </trkpt>
   <trkpt lat="39.009769" lon="-106.402472">
    <ele>3475</ele>
   </trkpt>
   <trkpt lat="39.009622" lon="-106.402679">
    <ele>3466</ele>
   </trkpt>
   <trkpt lat="39.009846" lon="-106.403146">
    <ele>3463</ele>
   </trkpt>
   <trkpt lat="39.009958" lon="-106.403469">
    <ele>3456</ele>
   </trkpt>
   <trkpt lat="39.009832" lon="-106.403757">
    <ele>3446</ele>
   </trkpt>
   <trkpt lat="39.009078" lon="-106.40408">
    <ele>3435</ele>
   </trkpt>
   <trkpt lat="39.008848" lon="-106.404053">
    <ele>3429</ele>
   </trkpt>
   <trkpt lat="39.00838" lon="-106.404439">
    <ele>3439</ele>
   </trkpt>
   <trkpt lat="39.00815" lon="-106.404421">
    <ele>3432</ele>
   </trkpt>
   <trkpt lat="39.00808" lon="-106.404296">
    <ele>3428</ele>
   </trkpt>
   <trkpt lat="39.007947" lon="-106.404314">
    <ele>3423</ele>
   </trkpt>
   <trkpt lat="39.007703" lon="-106.404502">
    <ele>3412</ele>
   </trkpt>
   <trkpt lat="39.007445" lon="-106.40452">
    <ele>3400</ele>
   </trkpt>
   <trkpt lat="39.006914" lon="-106.404134">
    <ele>3380</ele>
   </trkpt>
   <trkpt lat="39.006886" lon="-106.4039">
    <ele>3373</ele>
   </trkpt>
   <trkpt lat="39.006404" lon="-106.403361">
    <ele>3361</ele>
   </trkpt>
   <trkpt lat="39.006076" lon="-106.40328">
    <ele>3355</ele>
   </trkpt>
   <trkpt lat="39.005832" lon="-106.403352">
    <ele>3351</ele>
   </trkpt>
   <trkpt lat="39.00549" lon="-106.403173">
    <ele>3334</ele>
   </trkpt>
   <trkpt lat="39.00505" lon="-106.403146">
    <ele>3326</ele>
   </trkpt>
   <trkpt lat="39.004589" lon="-106.402804">
    <ele>3304</ele>
   </trkpt>
   <trkpt lat="39.004296" lon="-106.402849">
    <ele>3296</ele>
   </trkpt>
   <trkpt lat="39.004122" lon="-106.402706">
    <ele>3287</ele>
   </trkpt>
   <trkpt lat="39.003989" lon="-106.402661">
    <ele>3280</ele>
   </trkpt>
   <trkpt lat="39.003919" lon="-106.402517">
    <ele>3277</ele>
   </trkpt>
   <trkpt lat="39.003912" lon="-106.40267">
    <ele>3276</ele>
   </trkpt>
   <trkpt lat="39.003577" lon="-106.402894">
    <ele>3269</ele>
   </trkpt>
   <trkpt lat="39.003207" lon="-106.402885">
    <ele>3259</ele>
   </trkpt>
   <trkpt lat="39.002991" lon="-106.403002">
    <ele>3256</ele>
   </trkpt>
   <trkpt lat="39.002656" lon="-106.403029">
    <ele>3247</ele>
   </trkpt>
   <trkpt lat="39.002188" lon="-106.4032">
    <ele>3242</ele>
   </trkpt>
   <trkpt lat="39.001469" lon="-106.402939">
    <ele>3224</ele>
   </trkpt>
   <trkpt lat="39.001504" lon="-106.402786">
    <ele>3217</ele>
   </trkpt>
   <trkpt lat="39.001692" lon="-106.402661">
    <ele>3214</ele>
   </trkpt>
   <trkpt lat="39.001225" lon="-106.402301">
    <ele>3194</ele>
   </trkpt>
   <trkpt lat="39.000876" lon="-106.402194">
    <ele>3184</ele>
   </trkpt>
   <trkpt lat="39.00068" lon="-106.401879">
    <ele>3168</ele>
   </trkpt>
   <trkpt lat="39.000317" lon="-106.401672">
    <ele>3149</ele>
   </trkpt>
   <trkpt lat="39.000136" lon="-106.401637">
    <ele>3142</ele>
   </trkpt>
   <trkpt lat="38.999745" lon="-106.401735">
    <ele>3128</ele>
   </trkpt>
   <trkpt lat="38.999207" lon="-106.402481">
    <ele>3107</ele>
   </trkpt>
   <trkpt lat="38.998886" lon="-106.402858">
    <ele>3090</ele>
   </trkpt>
   <trkpt lat="38.998649" lon="-106.402993">
    <ele>3082</ele>
   </trkpt>
   <trkpt lat="38.998418" lon="-106.403271">
    <ele>3075</ele>
   </trkpt>
   <trkpt lat="38.998334" lon="-106.403298">
    <ele>3073</ele>
   </trkpt>
   <trkpt lat="38.998334" lon="-106.403379">
    <ele>3074</ele>
   </trkpt>
   <trkpt lat="38.998265" lon="-106.403451">
    <ele>3071</ele>
   </trkpt>
   <trkpt lat="38.998195" lon="-106.403424">
    <ele>3068</ele>
   </trkpt>
   <trkpt lat="38.998146" lon="-106.404089">
    <ele>3072</ele>
   </trkpt>
   <trkpt lat="38.99809" lon="-106.404349">
    <ele>3073</ele>
   </trkpt>
   <trkpt lat="38.998069" lon="-106.404727">
    <ele>3078</ele>
   </trkpt>
   <trkpt lat="38.997992" lon="-106.404969">
    <ele>3077</ele>
   </trkpt>
   <trkpt lat="38.998027" lon="-106.405104">
    <ele>3080</ele>
   </trkpt>
   <trkpt lat="38.997846" lon="-106.405499">
    <ele>3079</ele>
   </trkpt>
   <trkpt lat="38.997797" lon="-106.405832">
    <ele>3082</ele>
   </trkpt>
   <trkpt lat="38.997245" lon="-106.406829">
    <ele>3081</ele>
   </trkpt>
   <trkpt lat="38.996722" lon="-106.407592">
    <ele>3083</ele>
   </trkpt>
   <trkpt lat="38.996456" lon="-106.40885">
    <ele>3084</ele>
   </trkpt>
   <trkpt lat="38.996373" lon="-106.409488">
    <ele>3080</ele>
   </trkpt>
   <trkpt lat="38.996086" lon="-106.409928">
    <ele>3078</ele>
   </trkpt>
   <trkpt lat="38.99594" lon="-106.410377">
    <ele>3080</ele>
   </trkpt>
   <trkpt lat="38.995584" lon="-106.411132">
    <ele>3081</ele>
   </trkpt>
   <trkpt lat="38.995444" lon="-106.411284">
    <ele>3080</ele>
   </trkpt>
   <trkpt lat="38.995381" lon="-106.411446">
    <ele>3081</ele>
   </trkpt>
   <trkpt lat="38.994704" lon="-106.412039">
    <ele>3078</ele>
   </trkpt>
   <trkpt lat="38.99462" lon="-106.412039">
    <ele>3077</ele>
   </trkpt>
   <trkpt lat="38.993943" lon="-106.41265">
    <ele>3079</ele>
   </trkpt>
   <trkpt lat="38.993887" lon="-106.412812">
    <ele>3080</ele>
   </trkpt>
   <trkpt lat="38.99365" lon="-106.412964">
    <ele>3080</ele>
   </trkpt>
   <trkpt lat="38.993671" lon="-106.413027">
    <ele>3081</ele>
   </trkpt>
   <trkpt lat="38.993322" lon="-106.413279">
    <ele>3079</ele>
   </trkpt>
   <trkpt lat="38.992952" lon="-106.413979">
    <ele>3083</ele>
   </trkpt>
   <trkpt lat="38.992868" lon="-106.414024">
    <ele>3082</ele>
   </trkpt>
   <trkpt lat="38.99284" lon="-106.414195">
    <ele>3084</ele>
   </trkpt>
   <trkpt lat="38.991981" lon="-106.415093">
    <ele>3085</ele>
   </trkpt>
   <trkpt lat="38.99196" lon="-106.415219">
    <ele>3086</ele>
   </trkpt>
   <trkpt lat="38.991807" lon="-106.415345">
    <ele>3086</ele>
   </trkpt>
   <trkpt lat="38.991527" lon="-106.415659">
    <ele>3086</ele>
   </trkpt>
   <trkpt lat="38.991402" lon="-106.416072">
    <ele>3089</ele>
   </trkpt>
   <trkpt lat="38.99145" lon="-106.416234">
    <ele>3092</ele>
   </trkpt>
   <trkpt lat="38.991129" lon="-106.416459">
    <ele>3090</ele>
   </trkpt>
   <trkpt lat="38.990906" lon="-106.416809">
    <ele>3090</ele>
   </trkpt>
   <trkpt lat="38.990962" lon="-106.417411">
    <ele>3090</ele>
   </trkpt>
   <trkpt lat="38.990836" lon="-106.417761">
    <ele>3088</ele>
   </trkpt>
   <trkpt lat="38.990766" lon="-106.417788">
    <ele>3087</ele>
   </trkpt>
   <trkpt lat="38.990878" lon="-106.41813">
    <ele>3094</ele>
   </trkpt>
   <trkpt lat="38.990724" lon="-106.418417">
    <ele>3093</ele>
   </trkpt>
   <trkpt lat="38.990752" lon="-106.418821">
    <ele>3097</ele>
   </trkpt>
   <trkpt lat="38.990808" lon="-106.419073">
    <ele>3100</ele>
   </trkpt>
   <trkpt lat="38.990717" lon="-106.419558">
    <ele>3098</ele>
   </trkpt>
   <trkpt lat="38.990717" lon="-106.420088">
    <ele>3099</ele>
   </trkpt>
   <trkpt lat="38.990431" lon="-106.420923">
    <ele>3092</ele>
   </trkpt>
   <trkpt lat="38.990459" lon="-106.421391">
    <ele>3095</ele>
   </trkpt>
   <trkpt lat="38.990375" lon="-106.421903">
    <ele>3095</ele>
   </trkpt>
   <trkpt lat="38.990396" lon="-106.422145">
    <ele>3095</ele>
   </trkpt>
   <trkpt lat="38.990305" lon="-106.422504">
    <ele>3094</ele>
   </trkpt>
   <trkpt lat="38.990319" lon="-106.424005">
    <ele>3095</ele>
   </trkpt>
   <trkpt lat="38.990264" lon="-106.424238">
    <ele>3094</ele>
   </trkpt>
   <trkpt lat="38.990305" lon="-106.424553">
    <ele>3095</ele>
   </trkpt>
   <trkpt lat="38.990745" lon="-106.425334">
    <ele>3105</ele>
   </trkpt>
   <trkpt lat="38.990969" lon="-106.426134">
    <ele>3110</ele>
   </trkpt>
   <trkpt lat="38.991115" lon="-106.426376">
    <ele>3117</ele>
   </trkpt>
   <trkpt lat="38.990927" lon="-106.427795">
    <ele>3133</ele>
   </trkpt>
   <trkpt lat="38.990976" lon="-106.42829">
    <ele>3141</ele>
   </trkpt>
   <trkpt lat="38.990934" lon="-106.428891">
    <ele>3146</ele>
   </trkpt>
   <trkpt lat="38.990878" lon="-106.428963">
    <ele>3145</ele>
   </trkpt>
   <trkpt lat="38.990808" lon="-106.42926">
    <ele>3148</ele>
   </trkpt>
   <trkpt lat="38.990724" lon="-106.429341">
    <ele>3147</ele>
   </trkpt>
   <trkpt lat="38.99078" lon="-106.429547">
    <ele>3152</ele>
   </trkpt>
   <trkpt lat="38.990557" lon="-106.43049">
    <ele>3159</ele>
   </trkpt>
   <trkpt lat="38.990571" lon="-106.430904">
    <ele>3164</ele>
   </trkpt>
   <trkpt lat="38.99062" lon="-106.430993">
    <ele>3167</ele>
   </trkpt>
   <trkpt lat="38.990578" lon="-106.43102">
    <ele>3166</ele>
   </trkpt>
   <trkpt lat="38.99078" lon="-106.431443">
    <ele>3173</ele>
   </trkpt>
   <trkpt lat="38.990564" lon="-106.43208">
    <ele>3173</ele>
   </trkpt>
   <trkpt lat="38.990424" lon="-106.43288">
    <ele>3177</ele>
   </trkpt>
   <trkpt lat="38.990438" lon="-106.433087">
    <ele>3180</ele>
   </trkpt>
   <trkpt lat="38.990347" lon="-106.433275">
    <ele>3180</ele>
   </trkpt>
   <trkpt lat="38.990222" lon="-106.433338">
    <ele>3177</ele>
   </trkpt>
   <trkpt lat="38.990061" lon="-106.433679">
    <ele>3182</ele>
   </trkpt>
   <trkpt lat="38.989956" lon="-106.433769">
    <ele>3183</ele>
   </trkpt>
   <trkpt lat="38.989733" lon="-106.4342">
    <ele>3188</ele>
   </trkpt>
   <trkpt lat="38.989726" lon="-106.434299">
    <ele>3189</ele>
   </trkpt>
   <trkpt lat="38.98967" lon="-106.434308">
    <ele>3187</ele>
   </trkpt>
   <trkpt lat="38.989684" lon="-106.434928">
    <ele>3192</ele>
   </trkpt>
   <trkpt lat="38.989754" lon="-106.435054">
    <ele>3195</ele>
   </trkpt>
   <trkpt lat="38.9896017" lon="-106.4356033">
    <ele>3188</ele>
   </trkpt>
   <trkpt lat="38.98964" lon="-106.43562">
    <ele>3190</ele>
   </trkpt>
   <trkpt lat="38.98959" lon="-106.435803">
    <ele>3191</ele>
   </trkpt>
   <trkpt lat="38.98959" lon="-106.435803">
    <ele>3191</ele>
   </trkpt>
   <trkpt lat="38.98943" lon="-106.4363034">
    <ele>3192</ele>
   </trkpt>
   <trkpt lat="38.9894327" lon="-106.4364309">
    <ele>3194</ele>
   </trkpt>
   <trkpt lat="38.989418" lon="-106.436424">
    <ele>3194</ele>
   </trkpt>
   <trkpt lat="38.98929" lon="-106.436888">
    <ele>3196</ele>
   </trkpt>
   <trkpt lat="38.989215" lon="-106.43703">
    <ele>3194</ele>
   </trkpt>
   <trkpt lat="38.989169" lon="-106.437564">
    <ele>3198</ele>
   </trkpt>
   <trkpt lat="38.989071" lon="-106.437977">
    <ele>3197</ele>
   </trkpt>
   <trkpt lat="38.988752" lon="-106.43872">
    <ele>3193</ele>
   </trkpt>
   <trkpt lat="38.988539" lon="-106.438945">
    <ele>3191</ele>
   </trkpt>
   <trkpt lat="38.988375" lon="-106.439208">
    <ele>3191</ele>
   </trkpt>
   <trkpt lat="38.988341" lon="-106.439584">
    <ele>3193</ele>
   </trkpt>
   <trkpt lat="38.988375" lon="-106.439932">
    <ele>3193</ele>
   </trkpt>
   <trkpt lat="38.988444" lon="-106.440216">
    <ele>3193</ele>
   </trkpt>
   <trkpt lat="38.988437" lon="-106.440361">
    <ele>3191</ele>
   </trkpt>
   <trkpt lat="38.988569" lon="-106.440436">
    <ele>3195</ele>
   </trkpt>
   <trkpt lat="38.988575" lon="-106.441566">
    <ele>3203</ele>
   </trkpt>
   <trkpt lat="38.988575" lon="-106.441566">
    <ele>3203</ele>
   </trkpt>
   <trkpt lat="38.988552" lon="-106.442209">
    <ele>3205</ele>
   </trkpt>
   <trkpt lat="38.988596" lon="-106.442864">
    <ele>3207</ele>
   </trkpt>
   <trkpt lat="38.988702" lon="-106.443607">
    <ele>3211</ele>
   </trkpt>
   <trkpt lat="38.98876" lon="-106.44469">
    <ele>3216</ele>
   </trkpt>
   <trkpt lat="38.988694" lon="-106.444983">
    <ele>3214</ele>
   </trkpt>
   <trkpt lat="38.988631" lon="-106.445002">
    <ele>3212</ele>
   </trkpt>
   <trkpt lat="38.988589" lon="-106.445077">
    <ele>3211</ele>
   </trkpt>
   <trkpt lat="38.988577" lon="-106.44523">
    <ele>3213</ele>
   </trkpt>
   <trkpt lat="38.988587" lon="-106.446064">
    <ele>3214</ele>
   </trkpt>
   <trkpt lat="38.988573" lon="-106.446412">
    <ele>3212</ele>
   </trkpt>
   <trkpt lat="38.988487" lon="-106.446793">
    <ele>3210</ele>
   </trkpt>
   <trkpt lat="38.98812" lon="-106.447349">
    <ele>3203</ele>
   </trkpt>
   <trkpt lat="38.987558" lon="-106.448628">
    <ele>3193</ele>
   </trkpt>
   <trkpt lat="38.987345" lon="-106.449167">
    <ele>3186</ele>
   </trkpt>
   <trkpt lat="38.98723" lon="-106.450076">
    <ele>3185</ele>
   </trkpt>
   <trkpt lat="38.987049" lon="-106.450645">
    <ele>3181</ele>
   </trkpt>
   <trkpt lat="38.986986" lon="-106.451069">
    <ele>3180</ele>
   </trkpt>
   <trkpt lat="38.986978" lon="-106.451342">
    <ele>3180</ele>
   </trkpt>
   <trkpt lat="38.986872" lon="-106.451425">
    <ele>3178</ele>
   </trkpt>
   <trkpt lat="38.986533" lon="-106.451466">
    <ele>3174</ele>
   </trkpt>
   <trkpt lat="38.986533" lon="-106.451466">
    <ele>3174</ele>
   </trkpt>
   <trkpt lat="38.98638" lon="-106.451484">
    <ele>3172</ele>
   </trkpt>
   <trkpt lat="38.986286" lon="-106.45139">
    <ele>3171</ele>
   </trkpt>
   <trkpt lat="38.986289" lon="-106.45078">
    <ele>3169</ele>
   </trkpt>
   <trkpt lat="38.986342" lon="-106.450471">
    <ele>3168</ele>
   </trkpt>
   <trkpt lat="38.986342" lon="-106.450471">
    <ele>3168</ele>
   </trkpt>
   <trkpt lat="38.986391" lon="-106.450188">
    <ele>3168</ele>
   </trkpt>
   <trkpt lat="38.986418" lon="-106.449589">
    <ele>3167</ele>
   </trkpt>
   <trkpt lat="38.986383" lon="-106.449282">
    <ele>3165</ele>
   </trkpt>
   <trkpt lat="38.98621" lon="-106.448397">
    <ele>3159</ele>
   </trkpt>
   <trkpt lat="38.986196" lon="-106.447976">
    <ele>3158</ele>
   </trkpt>
   <trkpt lat="38.986328" lon="-106.447111">
    <ele>3159</ele>
   </trkpt>
   <trkpt lat="38.986341" lon="-106.446631">
    <ele>3157</ele>
   </trkpt>
   <trkpt lat="38.986503" lon="-106.445685">
    <ele>3154</ele>
   </trkpt>
   <trkpt lat="38.986434" lon="-106.444555">
    <ele>3142</ele>
   </trkpt>
   <trkpt lat="38.986381" lon="-106.444398">
    <ele>3139</ele>
   </trkpt>
   <trkpt lat="38.986351" lon="-106.444238">
    <ele>3137</ele>
   </trkpt>
   <trkpt lat="38.986371" lon="-106.44413">
    <ele>3136</ele>
   </trkpt>
   <trkpt lat="38.986543" lon="-106.44381">
    <ele>3137</ele>
   </trkpt>
   <trkpt lat="38.986548" lon="-106.443612">
    <ele>3136</ele>
   </trkpt>
   <trkpt lat="38.98634" lon="-106.443126">
    <ele>3131</ele>
   </trkpt>
   <trkpt lat="38.986268" lon="-106.442879">
    <ele>3130</ele>
   </trkpt>
   <trkpt lat="38.986257" lon="-106.442652">
    <ele>3130</ele>
   </trkpt>
   <trkpt lat="38.986072" lon="-106.442161">
    <ele>3130</ele>
   </trkpt>
   <trkpt lat="38.98562" lon="-106.441653">
    <ele>3127</ele>
   </trkpt>
   <trkpt lat="38.985335" lon="-106.441619">
    <ele>3125</ele>
   </trkpt>
   <trkpt lat="38.985335" lon="-106.441619">
    <ele>3125</ele>
   </trkpt>
   <trkpt lat="38.985149" lon="-106.441597">
    <ele>3124</ele>
   </trkpt>
   <trkpt lat="38.985123" lon="-106.441569">
    <ele>3124</ele>
   </trkpt>
   <trkpt lat="38.98505" lon="-106.441211">
    <ele>3124</ele>
   </trkpt>
   <trkpt lat="38.984878" lon="-106.441267">
    <ele>3123</ele>
   </trkpt>
   <trkpt lat="38.984878" lon="-106.441267">
    <ele>3123</ele>
   </trkpt>
   <trkpt lat="38.984703" lon="-106.441297">
    <ele>3122</ele>
   </trkpt>
   <trkpt lat="38.983335" lon="-106.441319">
    <ele>3120</ele>
   </trkpt>
   <trkpt lat="38.9833027" lon="-106.4409435">
    <ele>3119</ele>
   </trkpt>
   <trkpt lat="38.9832986" lon="-106.4401335">
    <ele>3118</ele>
   </trkpt>
   <trkpt lat="38.9833444" lon="-106.4401388">
    <ele>3118</ele>
   </trkpt>
   <trkpt lat="38.9833819" lon="-106.4402568">
    <ele>3118</ele>
   </trkpt>
   <trkpt lat="38.9833653" lon="-106.4404017">
    <ele>3118</ele>
   </trkpt>
   <trkpt lat="38.9833361" lon="-106.4406538">
    <ele>3119</ele>
   </trkpt>
   <trkpt lat="38.9833903" lon="-106.4412761">
    <ele>3119</ele>
   </trkpt>
   <trkpt lat="38.9844991" lon="-106.4412653">
    <ele>3120</ele>
   </trkpt>
   <trkpt lat="38.9850539" lon="-106.4411849">
    <ele>3124</ele>
   </trkpt>
   <trkpt lat="38.98505" lon="-106.441185">
    <ele>3124</ele>
   </trkpt>
   <trkpt lat="38.98505" lon="-106.441211">
    <ele>3124</ele>
   </trkpt>
   <trkpt lat="38.985123" lon="-106.441569">
    <ele>3124</ele>
   </trkpt>
   <trkpt lat="38.985149" lon="-106.441597">
    <ele>3124</ele>
   </trkpt>
   <trkpt lat="38.98562" lon="-106.441653">
    <ele>3127</ele>
   </trkpt>
   <trkpt lat="38.985867" lon="-106.441931">
    <ele>3128</ele>
   </trkpt>
   <trkpt lat="38.985867" lon="-106.441931">
    <ele>3128</ele>
   </trkpt>
   <trkpt lat="38.986072" lon="-106.442161">
    <ele>3130</ele>
   </trkpt>
   <trkpt lat="38.986257" lon="-106.442652">
    <ele>3130</ele>
   </trkpt>
   <trkpt lat="38.986268" lon="-106.442879">
    <ele>3130</ele>
   </trkpt>
   <trkpt lat="38.98634" lon="-106.443126">
    <ele>3131</ele>
   </trkpt>
   <trkpt lat="38.986548" lon="-106.443612">
    <ele>3136</ele>
   </trkpt>
   <trkpt lat="38.986543" lon="-106.44381">
    <ele>3137</ele>
   </trkpt>
   <trkpt lat="38.986371" lon="-106.44413">
    <ele>3136</ele>
   </trkpt>
   <trkpt lat="38.986351" lon="-106.444238">
    <ele>3137</ele>
   </trkpt>
   <trkpt lat="38.986381" lon="-106.444398">
    <ele>3139</ele>
   </trkpt>
   <trkpt lat="38.986434" lon="-106.444555">
    <ele>3142</ele>
   </trkpt>
   <trkpt lat="38.986455" lon="-106.444902">
    <ele>3146</ele>
   </trkpt>
   <trkpt lat="38.986455" lon="-106.444902">
    <ele>3146</ele>
   </trkpt>
   <trkpt lat="38.986503" lon="-106.445685">
    <ele>3154</ele>
   </trkpt>
   <trkpt lat="38.986341" lon="-106.446631">
    <ele>3157</ele>
   </trkpt>
   <trkpt lat="38.986328" lon="-106.447111">
    <ele>3159</ele>
   </trkpt>
   <trkpt lat="38.986196" lon="-106.447976">
    <ele>3158</ele>
   </trkpt>
   <trkpt lat="38.98621" lon="-106.448397">
    <ele>3159</ele>
   </trkpt>
   <trkpt lat="38.986259" lon="-106.448647">
    <ele>3160</ele>
   </trkpt>
   <trkpt lat="38.986259" lon="-106.448647">
    <ele>3160</ele>
   </trkpt>
   <trkpt lat="38.986383" lon="-106.449282">
    <ele>3165</ele>
   </trkpt>
   <trkpt lat="38.986418" lon="-106.449589">
    <ele>3167</ele>
   </trkpt>
   <trkpt lat="38.986391" lon="-106.450188">
    <ele>3168</ele>
   </trkpt>
   <trkpt lat="38.986289" lon="-106.45078">
    <ele>3169</ele>
   </trkpt>
   <trkpt lat="38.986286" lon="-106.451243">
    <ele>3170</ele>
   </trkpt>
   <trkpt lat="38.986286" lon="-106.451243">
    <ele>3170</ele>
   </trkpt>
   <trkpt lat="38.986286" lon="-106.45139">
    <ele>3171</ele>
   </trkpt>
   <trkpt lat="38.98638" lon="-106.451484">
    <ele>3172</ele>
   </trkpt>
   <trkpt lat="38.986872" lon="-106.451425">
    <ele>3178</ele>
   </trkpt>
   <trkpt lat="38.986978" lon="-106.451342">
    <ele>3180</ele>
   </trkpt>
   <trkpt lat="38.986984" lon="-106.451131">
    <ele>3180</ele>
   </trkpt>
   <trkpt lat="38.986984" lon="-106.451131">
    <ele>3180</ele>
   </trkpt>
   <trkpt lat="38.987049" lon="-106.450645">
    <ele>3181</ele>
   </trkpt>
   <trkpt lat="38.98723" lon="-106.450076">
    <ele>3185</ele>
   </trkpt>
   <trkpt lat="38.987345" lon="-106.449167">
    <ele>3186</ele>
   </trkpt>
   <trkpt lat="38.987664" lon="-106.448387">
    <ele>3196</ele>
   </trkpt>
   <trkpt lat="38.987664" lon="-106.448387">
    <ele>3196</ele>
   </trkpt>
   <trkpt lat="38.98812" lon="-106.447349">
    <ele>3203</ele>
   </trkpt>
   <trkpt lat="38.988487" lon="-106.446793">
    <ele>3210</ele>
   </trkpt>
   <trkpt lat="38.988573" lon="-106.446412">
    <ele>3212</ele>
   </trkpt>
   <trkpt lat="38.988586" lon="-106.445991">
    <ele>3215</ele>
   </trkpt>
   <trkpt lat="38.988586" lon="-106.445991">
    <ele>3215</ele>
   </trkpt>
   <trkpt lat="38.988577" lon="-106.44523">
    <ele>3213</ele>
   </trkpt>
   <trkpt lat="38.988589" lon="-106.445077">
    <ele>3211</ele>
   </trkpt>
   <trkpt lat="38.988631" lon="-106.445002">
    <ele>3212</ele>
   </trkpt>
   <trkpt lat="38.988694" lon="-106.444983">
    <ele>3214</ele>
   </trkpt>
   <trkpt lat="38.98876" lon="-106.44469">
    <ele>3216</ele>
   </trkpt>
   <trkpt lat="38.988702" lon="-106.443607">
    <ele>3211</ele>
   </trkpt>
   <trkpt lat="38.988631" lon="-106.443111">
    <ele>3209</ele>
   </trkpt>
   <trkpt lat="38.988631" lon="-106.443111">
    <ele>3209</ele>
   </trkpt>
   <trkpt lat="38.988596" lon="-106.442864">
    <ele>3207</ele>
   </trkpt>
   <trkpt lat="38.988552" lon="-106.442209">
    <ele>3205</ele>
   </trkpt>
   <trkpt lat="38.988575" lon="-106.441582">
    <ele>3203</ele>
   </trkpt>
   <trkpt lat="38.988569" lon="-106.440436">
    <ele>3195</ele>
   </trkpt>
   <trkpt lat="38.988437" lon="-106.440361">
    <ele>3191</ele>
   </trkpt>
   <trkpt lat="38.988444" lon="-106.440216">
    <ele>3193</ele>
   </trkpt>
   <trkpt lat="38.98843" lon="-106.440159">
    <ele>3193</ele>
   </trkpt>
   <trkpt lat="38.98843" lon="-106.440159">
    <ele>3193</ele>
   </trkpt>
   <trkpt lat="38.988375" lon="-106.439932">
    <ele>3193</ele>
   </trkpt>
   <trkpt lat="38.988341" lon="-106.439584">
    <ele>3193</ele>
   </trkpt>
   <trkpt lat="38.988375" lon="-106.439208">
    <ele>3191</ele>
   </trkpt>
   <trkpt lat="38.988539" lon="-106.438945">
    <ele>3191</ele>
   </trkpt>
   <trkpt lat="38.988752" lon="-106.43872">
    <ele>3193</ele>
   </trkpt>
   <trkpt lat="38.989071" lon="-106.437977">
    <ele>3197</ele>
   </trkpt>
   <trkpt lat="38.989103" lon="-106.437841">
    <ele>3197</ele>
   </trkpt>
   <trkpt lat="38.989103" lon="-106.437841">
    <ele>3197</ele>
   </trkpt>
   <trkpt lat="38.989169" lon="-106.437564">
    <ele>3198</ele>
   </trkpt>
   <trkpt lat="38.989215" lon="-106.43703">
    <ele>3194</ele>
   </trkpt>
   <trkpt lat="38.98929" lon="-106.436888">
    <ele>3196</ele>
   </trkpt>
   <trkpt lat="38.989525" lon="-106.436038">
    <ele>3192</ele>
   </trkpt>
   <trkpt lat="38.989525" lon="-106.436038">
    <ele>3192</ele>
   </trkpt>
   <trkpt lat="38.9895572" lon="-106.4359265">
    <ele>3192</ele>
   </trkpt>
   <trkpt lat="38.989712" lon="-106.435063">
    <ele>3193</ele>
   </trkpt>
   <trkpt lat="38.989663" lon="-106.434955">
    <ele>3192</ele>
   </trkpt>
   <trkpt lat="38.989691" lon="-106.434353">
    <ele>3188</ele>
   </trkpt>
   <trkpt lat="38.989782" lon="-106.43429">
    <ele>3191</ele>
   </trkpt>
   <trkpt lat="38.989754" lon="-106.434183">
    <ele>3188</ele>
   </trkpt>
   <trkpt lat="38.990026" lon="-106.433805">
    <ele>3185</ele>
   </trkpt>
   <trkpt lat="38.990173" lon="-106.433679">
    <ele>3185</ele>
   </trkpt>
   <trkpt lat="38.990389" lon="-106.433284">
    <ele>3182</ele>
   </trkpt>
   <trkpt lat="38.990494" lon="-106.432458">
    <ele>3175</ele>
   </trkpt>
   <trkpt lat="38.990801" lon="-106.431452">
    <ele>3174</ele>
   </trkpt>
   <trkpt lat="38.990613" lon="-106.431056">
    <ele>3168</ele>
   </trkpt>
   <trkpt lat="38.990627" lon="-106.430976">
    <ele>3167</ele>
   </trkpt>
   <trkpt lat="38.990571" lon="-106.430643">
    <ele>3162</ele>
   </trkpt>
   <trkpt lat="38.990613" lon="-106.43014">
    <ele>3157</ele>
   </trkpt>
   <trkpt lat="38.990836" lon="-106.429484">
    <ele>3153</ele>
   </trkpt>
   <trkpt lat="38.99085" lon="-106.429332">
    <ele>3150</ele>
   </trkpt>
   <trkpt lat="38.990913" lon="-106.429215">
    <ele>3150</ele>
   </trkpt>
   <trkpt lat="38.991052" lon="-106.428308">
    <ele>3145</ele>
   </trkpt>
   <trkpt lat="38.990948" lon="-106.427858">
    <ele>3134</ele>
   </trkpt>
   <trkpt lat="38.991157" lon="-106.426367">
    <ele>3120</ele>
   </trkpt>
   <trkpt lat="38.991073" lon="-106.426062">
    <ele>3114</ele>
   </trkpt>
   <trkpt lat="38.990906" lon="-106.425702">
    <ele>3111</ele>
   </trkpt>
   <trkpt lat="38.990738" lon="-106.425181">
    <ele>3105</ele>
   </trkpt>
   <trkpt lat="38.990487" lon="-106.424723">
    <ele>3099</ele>
   </trkpt>
   <trkpt lat="38.990333" lon="-106.424166">
    <ele>3095</ele>
   </trkpt>
   <trkpt lat="38.990305" lon="-106.42299">
    <ele>3095</ele>
   </trkpt>
   <trkpt lat="38.990264" lon="-106.422747">
    <ele>3094</ele>
   </trkpt>
   <trkpt lat="38.99034" lon="-106.422325">
    <ele>3094</ele>
   </trkpt>
   <trkpt lat="38.990424" lon="-106.422217">
    <ele>3096</ele>
   </trkpt>
   <trkpt lat="38.990459" lon="-106.421382">
    <ele>3095</ele>
   </trkpt>
   <trkpt lat="38.990438" lon="-106.420878">
    <ele>3092</ele>
   </trkpt>
   <trkpt lat="38.990473" lon="-106.42069">
    <ele>3092</ele>
   </trkpt>
   <trkpt lat="38.990661" lon="-106.420295">
    <ele>3096</ele>
   </trkpt>
   <trkpt lat="38.990655" lon="-106.419504">
    <ele>3096</ele>
   </trkpt>
   <trkpt lat="38.990724" lon="-106.419172">
    <ele>3097</ele>
   </trkpt>
   <trkpt lat="38.990689" lon="-106.418929">
    <ele>3096</ele>
   </trkpt>
   <trkpt lat="38.990738" lon="-106.418435">
    <ele>3093</ele>
   </trkpt>
   <trkpt lat="38.990843" lon="-106.418291">
    <ele>3094</ele>
   </trkpt>
   <trkpt lat="38.990801" lon="-106.417905">
    <ele>3089</ele>
   </trkpt>
   <trkpt lat="38.990864" lon="-106.417761">
    <ele>3089</ele>
   </trkpt>
   <trkpt lat="38.990955" lon="-106.416863">
    <ele>3091</ele>
   </trkpt>
   <trkpt lat="38.991046" lon="-106.416576">
    <ele>3090</ele>
   </trkpt>
   <trkpt lat="38.991206" lon="-106.416423">
    <ele>3091</ele>
   </trkpt>
   <trkpt lat="38.991464" lon="-106.416396">
    <ele>3094</ele>
   </trkpt>
   <trkpt lat="38.991471" lon="-106.416099">
    <ele>3090</ele>
   </trkpt>
   <trkpt lat="38.991625" lon="-106.415731">
    <ele>3088</ele>
   </trkpt>
   <trkpt lat="38.991834" lon="-106.415542">
    <ele>3089</ele>
   </trkpt>
   <trkpt lat="38.991876" lon="-106.415426">
    <ele>3088</ele>
   </trkpt>
   <trkpt lat="38.992016" lon="-106.415336">
    <ele>3089</ele>
   </trkpt>
   <trkpt lat="38.992023" lon="-106.415237">
    <ele>3087</ele>
   </trkpt>
   <trkpt lat="38.992177" lon="-106.414994">
    <ele>3085</ele>
   </trkpt>
   <trkpt lat="38.992491" lon="-106.414788">
    <ele>3087</ele>
   </trkpt>
   <trkpt lat="38.992596" lon="-106.414653">
    <ele>3086</ele>
   </trkpt>
   <trkpt lat="38.992721" lon="-106.41459">
    <ele>3087</ele>
   </trkpt>
   <trkpt lat="38.992889" lon="-106.414303">
    <ele>3086</ele>
   </trkpt>
   <trkpt lat="38.992896" lon="-106.414213">
    <ele>3085</ele>
   </trkpt>
   <trkpt lat="38.99298" lon="-106.414141">
    <ele>3086</ele>
   </trkpt>
   <trkpt lat="38.993231" lon="-106.41353">
    <ele>3081</ele>
   </trkpt>
   <trkpt lat="38.993426" lon="-106.413315">
    <ele>3081</ele>
   </trkpt>
   <trkpt lat="38.993678" lon="-106.413162">
    <ele>3082</ele>
   </trkpt>
   <trkpt lat="38.993775" lon="-106.412946">
    <ele>3081</ele>
   </trkpt>
   <trkpt lat="38.993908" lon="-106.41291">
    <ele>3082</ele>
   </trkpt>
   <trkpt lat="38.994027" lon="-106.412686">
    <ele>3080</ele>
   </trkpt>
   <trkpt lat="38.994243" lon="-106.41256">
    <ele>3080</ele>
   </trkpt>
   <trkpt lat="38.994418" lon="-106.412291">
    <ele>3079</ele>
   </trkpt>
   <trkpt lat="38.995088" lon="-106.411895">
    <ele>3082</ele>
   </trkpt>
   <trkpt lat="38.995374" lon="-106.411554">
    <ele>3082</ele>
   </trkpt>
   <trkpt lat="38.995444" lon="-106.411356">
    <ele>3081</ele>
   </trkpt>
   <trkpt lat="38.99557" lon="-106.411275">
    <ele>3082</ele>
   </trkpt>
   <trkpt lat="38.995912" lon="-106.410494">
    <ele>3081</ele>
   </trkpt>
   <trkpt lat="38.995968" lon="-106.410162">
    <ele>3078</ele>
   </trkpt>
   <trkpt lat="38.996268" lon="-106.409838">
    <ele>3082</ele>
   </trkpt>
   <trkpt lat="38.996345" lon="-106.409659">
    <ele>3082</ele>
   </trkpt>
   <trkpt lat="38.996401" lon="-106.408949">
    <ele>3082</ele>
   </trkpt>
   <trkpt lat="38.996652" lon="-106.407871">
    <ele>3084</ele>
   </trkpt>
   <trkpt lat="38.997462" lon="-106.406487">
    <ele>3083</ele>
   </trkpt>
   <trkpt lat="38.997483" lon="-106.406362">
    <ele>3082</ele>
   </trkpt>
   <trkpt lat="38.997818" lon="-106.405868">
    <ele>3083</ele>
   </trkpt>
   <trkpt lat="38.997832" lon="-106.405643">
    <ele>3081</ele>
   </trkpt>
   <trkpt lat="38.998027" lon="-106.405302">
    <ele>3081</ele>
   </trkpt>
   <trkpt lat="38.998048" lon="-106.405023">
    <ele>3080</ele>
   </trkpt>
   <trkpt lat="38.998153" lon="-106.404646">
    <ele>3079</ele>
   </trkpt>
   <trkpt lat="38.998132" lon="-106.404296">
    <ele>3074</ele>
   </trkpt>
   <trkpt lat="38.998174" lon="-106.404062">
    <ele>3073</ele>
   </trkpt>
   <trkpt lat="38.998181" lon="-106.403703">
    <ele>3070</ele>
   </trkpt>
   <trkpt lat="38.998397" lon="-106.403379">
    <ele>3076</ele>
   </trkpt>
   <trkpt lat="38.998537" lon="-106.403316">
    <ele>3079</ele>
   </trkpt>
   <trkpt lat="38.998844" lon="-106.402957">
    <ele>3089</ele>
   </trkpt>
   <trkpt lat="38.998928" lon="-106.402939">
    <ele>3093</ele>
   </trkpt>
   <trkpt lat="38.999549" lon="-106.402158">
    <ele>3124</ele>
   </trkpt>
   <trkpt lat="38.999842" lon="-106.401655">
    <ele>3130</ele>
   </trkpt>
   <trkpt lat="39.000205" lon="-106.401592">
    <ele>3143</ele>
   </trkpt>
   <trkpt lat="39.000359" lon="-106.401655">
    <ele>3150</ele>
   </trkpt>
   <trkpt lat="39.000771" lon="-106.401933">
    <ele>3172</ele>
   </trkpt>
   <trkpt lat="39.000876" lon="-106.402122">
    <ele>3182</ele>
   </trkpt>
   <trkpt lat="39.001267" lon="-106.402274">
    <ele>3194</ele>
   </trkpt>
   <trkpt lat="39.001546" lon="-106.402616">
    <ele>3211</ele>
   </trkpt>
   <trkpt lat="39.001678" lon="-106.402652">
    <ele>3214</ele>
   </trkpt>
   <trkpt lat="39.001637" lon="-106.402553">
    <ele>3210</ele>
   </trkpt>
   <trkpt lat="39.001616" lon="-106.402625">
    <ele>3212</ele>
   </trkpt>
   <trkpt lat="39.001483" lon="-106.40267">
    <ele>3212</ele>
   </trkpt>
   <trkpt lat="39.001483" lon="-106.402804">
    <ele>3217</ele>
   </trkpt>
   <trkpt lat="39.001727" lon="-106.403002">
    <ele>3228</ele>
   </trkpt>
   <trkpt lat="39.002118" lon="-106.403128">
    <ele>3238</ele>
   </trkpt>
   <trkpt lat="39.002237" lon="-106.403128">
    <ele>3239</ele>
   </trkpt>
   <trkpt lat="39.002251" lon="-106.402984">
    <ele>3234</ele>
   </trkpt>
   <trkpt lat="39.002481" lon="-106.403029">
    <ele>3242</ele>
   </trkpt>
   <trkpt lat="39.002795" lon="-106.402948">
    <ele>3248</ele>
   </trkpt>
   <trkpt lat="39.003054" lon="-106.40302">
    <ele>3259</ele>
   </trkpt>
   <trkpt lat="39.003214" lon="-106.402912">
    <ele>3261</ele>
   </trkpt>
   <trkpt lat="39.003577" lon="-106.402957">
    <ele>3273</ele>
   </trkpt>
   <trkpt lat="39.003836" lon="-106.40284">
    <ele>3275</ele>
   </trkpt>
   <trkpt lat="39.003905" lon="-106.402858">
    <ele>3278</ele>
   </trkpt>
   <trkpt lat="39.003905" lon="-106.402562">
    <ele>3276</ele>
   </trkpt>
   <trkpt lat="39.00422" lon="-106.40293">
    <ele>3293</ele>
   </trkpt>
   <trkpt lat="39.004268" lon="-106.402894">
    <ele>3295</ele>
   </trkpt>
   <trkpt lat="39.004422" lon="-106.403029">
    <ele>3304</ele>
   </trkpt>
   <trkpt lat="39.004296" lon="-106.40302">
    <ele>3298</ele>
   </trkpt>
   <trkpt lat="39.004394" lon="-106.402921">
    <ele>3301</ele>
   </trkpt>
   <trkpt lat="39.004666" lon="-106.402777">
    <ele>3304</ele>
   </trkpt>
   <trkpt lat="39.005455" lon="-106.403218">
    <ele>3336</ele>
   </trkpt>
   <trkpt lat="39.005951" lon="-106.403182">
    <ele>3346</ele>
   </trkpt>
   <trkpt lat="39.006188" lon="-106.403245">
    <ele>3354</ele>
   </trkpt>
   <trkpt lat="39.006509" lon="-106.403442">
    <ele>3362</ele>
   </trkpt>
   <trkpt lat="39.006907" lon="-106.403981">
    <ele>3375</ele>
   </trkpt>
   <trkpt lat="39.006907" lon="-106.404107">
    <ele>3380</ele>
   </trkpt>
   <trkpt lat="39.00711" lon="-106.404314">
    <ele>3388</ele>
   </trkpt>
   <trkpt lat="39.0072" lon="-106.404358">
    <ele>3390</ele>
   </trkpt>
   <trkpt lat="39.007179" lon="-106.404403">
    <ele>3391</ele>
   </trkpt>
   <trkpt lat="39.007452" lon="-106.404538">
    <ele>3401</ele>
   </trkpt>
   <trkpt lat="39.007521" lon="-106.404502">
    <ele>3402</ele>
   </trkpt>
   <trkpt lat="39.007549" lon="-106.404385">
    <ele>3403</ele>
   </trkpt>
   <trkpt lat="39.007556" lon="-106.404538">
    <ele>3404</ele>
   </trkpt>
   <trkpt lat="39.007724" lon="-106.404637">
    <ele>3413</ele>
   </trkpt>
   <trkpt lat="39.007884" lon="-106.404637">
    <ele>3421</ele>
   </trkpt>
   <trkpt lat="39.007933" lon="-106.404502">
    <ele>3423</ele>
   </trkpt>
   <trkpt lat="39.007947" lon="-106.404296">
    <ele>3423</ele>
   </trkpt>
   <trkpt lat="39.008031" lon="-106.404206">
    <ele>3426</ele>
   </trkpt>
   <trkpt lat="39.008171" lon="-106.404376">
    <ele>3431</ele>
   </trkpt>
   <trkpt lat="39.008673" lon="-106.404206">
    <ele>3432</ele>
   </trkpt>
   <trkpt lat="39.008778" lon="-106.40408">
    <ele>3429</ele>
   </trkpt>
   <trkpt lat="39.009204" lon="-106.404026">
    <ele>3436</ele>
   </trkpt>
   <trkpt lat="39.009692" lon="-106.403864">
    <ele>3443</ele>
   </trkpt>
   <trkpt lat="39.009825" lon="-106.403739">
    <ele>3445</ele>
   </trkpt>
   <trkpt lat="39.009916" lon="-106.403721">
    <ele>3449</ele>
   </trkpt>
   <trkpt lat="39.009999" lon="-106.403559">
    <ele>3456</ele>
   </trkpt>
   <trkpt lat="39.009985" lon="-106.403271">
    <ele>3465</ele>
   </trkpt>
   <trkpt lat="39.00993" lon="-106.403137">
    <ele>3469</ele>
   </trkpt>
   <trkpt lat="39.009748" lon="-106.402903">
    <ele>3468</ele>
   </trkpt>
   <trkpt lat="39.009713" lon="-106.402634">
    <ele>3473</ele>
   </trkpt>
   <trkpt lat="39.009839" lon="-106.402436">
    <ele>3477</ele>
   </trkpt>
   <trkpt lat="39.00979" lon="-106.402229">
    <ele>3477</ele>
   </trkpt>
   <trkpt lat="39.010006" lon="-106.402346">
    <ele>3482</ele>
   </trkpt>
   <trkpt lat="39.010334" lon="-106.402975">
    <ele>3489</ele>
   </trkpt>
   <trkpt lat="39.010642" lon="-106.402724">
    <ele>3501</ele>
   </trkpt>
   <trkpt lat="39.010746" lon="-106.40258">
    <ele>3504</ele>
   </trkpt>
   <trkpt lat="39.011165" lon="-106.403505">
    <ele>3514</ele>
   </trkpt>
   <trkpt lat="39.011354" lon="-106.40381">
    <ele>3517</ele>
   </trkpt>
   <trkpt lat="39.01173" lon="-106.404224">
    <ele>3528</ele>
   </trkpt>
   <trkpt lat="39.011947" lon="-106.404089">
    <ele>3534</ele>
   </trkpt>
   <trkpt lat="39.012191" lon="-106.403685">
    <ele>3544</ele>
   </trkpt>
   <trkpt lat="39.012254" lon="-106.403146">
    <ele>3552</ele>
   </trkpt>
   <trkpt lat="39.012296" lon="-106.403056">
    <ele>3554</ele>
   </trkpt>
   <trkpt lat="39.012345" lon="-106.403191">
    <ele>3555</ele>
   </trkpt>
   <trkpt lat="39.01284" lon="-106.403784">
    <ele>3568</ele>
   </trkpt>
   <trkpt lat="39.012861" lon="-106.403487">
    <ele>3573</ele>
   </trkpt>
   <trkpt lat="39.013119" lon="-106.403703">
    <ele>3581</ele>
   </trkpt>
   <trkpt lat="39.013371" lon="-106.40417">
    <ele>3583</ele>
   </trkpt>
   <trkpt lat="39.0134069" lon="-106.4044413">
    <ele>3582</ele>
   </trkpt>
   <trkpt lat="39.0134423" lon="-106.4045003">
    <ele>3582</ele>
   </trkpt>
   <trkpt lat="39.0135819" lon="-106.4045057">
    <ele>3586</ele>
   </trkpt>
   <trkpt lat="39.0136924" lon="-106.4044628">
    <ele>3589</ele>
   </trkpt>
   <trkpt lat="39.0138779" lon="-106.4044493">
    <ele>3592</ele>
   </trkpt>
   <trkpt lat="39.014108" lon="-106.404376">
    <ele>3601</ele>
   </trkpt>
   <trkpt lat="39.014306" lon="-106.403972">
    <ele>3616</ele>
   </trkpt>
   <trkpt lat="39.014369" lon="-106.403254">
    <ele>3632</ele>
   </trkpt>
   <trkpt lat="39.014488" lon="-106.403415">
    <ele>3635</ele>
   </trkpt>
   <trkpt lat="39.014536" lon="-106.403667">
    <ele>3635</ele>
   </trkpt>
   <trkpt lat="39.014781" lon="-106.403909">
    <ele>3646</ele>
   </trkpt>
   <trkpt lat="39.014955" lon="-106.404161">
    <ele>3646</ele>
   </trkpt>
   <trkpt lat="39.015123" lon="-106.40426">
    <ele>3649</ele>
   </trkpt>
   <trkpt lat="39.015227" lon="-106.404269">
    <ele>3653</ele>
   </trkpt>
   <trkpt lat="39.015158" lon="-106.403784">
    <ele>3671</ele>
   </trkpt>
   <trkpt lat="39.015395" lon="-106.404008">
    <ele>3671</ele>
   </trkpt>
   <trkpt lat="39.015646" lon="-106.404089">
    <ele>3676</ele>
   </trkpt>
   <trkpt lat="39.015779" lon="-106.404197">
    <ele>3677</ele>
   </trkpt>
   <trkpt lat="39.0158" lon="-106.404161">
    <ele>3680</ele>
   </trkpt>
   <trkpt lat="39.015667" lon="-106.40381">
    <ele>3689</ele>
   </trkpt>
   <trkpt lat="39.015521" lon="-106.403541">
    <ele>3694</ele>
   </trkpt>
   <trkpt lat="39.015381" lon="-106.403065">
    <ele>3702</ele>
   </trkpt>
   <trkpt lat="39.015583" lon="-106.403245">
    <ele>3707</ele>
   </trkpt>
   <trkpt lat="39.016009" lon="-106.403397">
    <ele>3718</ele>
   </trkpt>
   <trkpt lat="39.016239" lon="-106.403577">
    <ele>3722</ele>
   </trkpt>
   <trkpt lat="39.017042" lon="-106.403667">
    <ele>3738</ele>
   </trkpt>
   <trkpt lat="39.017189" lon="-106.403855">
    <ele>3737</ele>
   </trkpt>
   <trkpt lat="39.017419" lon="-106.40399">
    <ele>3744</ele>
   </trkpt>
   <trkpt lat="39.017635" lon="-106.404376">
    <ele>3749</ele>
   </trkpt>
   <trkpt lat="39.018208" lon="-106.405023">
    <ele>3767</ele>
   </trkpt>
   <trkpt lat="39.018459" lon="-106.405454">
    <ele>3775</ele>
   </trkpt>
   <trkpt lat="39.018501" lon="-106.405598">
    <ele>3776</ele>
   </trkpt>
   <trkpt lat="39.018578" lon="-106.405517">
    <ele>3780</ele>
   </trkpt>
   <trkpt lat="39.018633" lon="-106.40514">
    <ele>3784</ele>
   </trkpt>
   <trkpt lat="39.018619" lon="-106.405014">
    <ele>3784</ele>
   </trkpt>
   <trkpt lat="39.018815" lon="-106.405436">
    <ele>3789</ele>
   </trkpt>
   <trkpt lat="39.018878" lon="-106.405194">
    <ele>3793</ele>
   </trkpt>
   <trkpt lat="39.018878" lon="-106.404682">
    <ele>3798</ele>
   </trkpt>
   <trkpt lat="39.01878" lon="-106.40417">
    <ele>3805</ele>
   </trkpt>
   <trkpt lat="39.019248" lon="-106.404556">
    <ele>3816</ele>
   </trkpt>
   <trkpt lat="39.019548" lon="-106.40487">
    <ele>3818</ele>
   </trkpt>
   <trkpt lat="39.019904" lon="-106.405122">
    <ele>3819</ele>
   </trkpt>
   <trkpt lat="39.020176" lon="-106.405032">
    <ele>3809</ele>
   </trkpt>
   <trkpt lat="39.020427" lon="-106.40479">
    <ele>3802</ele>
   </trkpt>
   <trkpt lat="39.020636" lon="-106.404754">
    <ele>3795</ele>
   </trkpt>
   <trkpt lat="39.020636" lon="-106.405149">
    <ele>3790</ele>
   </trkpt>
   <trkpt lat="39.020699" lon="-106.405248">
    <ele>3786</ele>
   </trkpt>
   <trkpt lat="39.020776" lon="-106.405068">
    <ele>3783</ele>
   </trkpt>
   <trkpt lat="39.021753" lon="-106.404897">
    <ele>3752</ele>
   </trkpt>
   <trkpt lat="39.021523" lon="-106.405239">
    <ele>3752</ele>
   </trkpt>
   <trkpt lat="39.021467" lon="-106.405418">
    <ele>3750</ele>
   </trkpt>
   <trkpt lat="39.022263" lon="-106.405014">
    <ele>3731</ele>
   </trkpt>
   <trkpt lat="39.022374" lon="-106.405014">
    <ele>3725</ele>
   </trkpt>
   <trkpt lat="39.022256" lon="-106.40549">
    <ele>3719</ele>
   </trkpt>
   <trkpt lat="39.022821" lon="-106.404942">
    <ele>3702</ele>
   </trkpt>
   <trkpt lat="39.023079" lon="-106.404628">
    <ele>3698</ele>
   </trkpt>
   <trkpt lat="39.023309" lon="-106.40452">
    <ele>3690</ele>
   </trkpt>
   <trkpt lat="39.023561" lon="-106.404242">
    <ele>3680</ele>
   </trkpt>
   <trkpt lat="39.023554" lon="-106.404511">
    <ele>3678</ele>
   </trkpt>
   <trkpt lat="39.023868" lon="-106.404026">
    <ele>3668</ele>
   </trkpt>
   <trkpt lat="39.023945" lon="-106.403846">
    <ele>3668</ele>
   </trkpt>
   <trkpt lat="39.02421" lon="-106.403828">
    <ele>3660</ele>
   </trkpt>
   <trkpt lat="39.024691" lon="-106.403325">
    <ele>3651</ele>
   </trkpt>
   <trkpt lat="39.02504" lon="-106.402849">
    <ele>3643</ele>
   </trkpt>
   <trkpt lat="39.025661" lon="-106.402652">
    <ele>3628</ele>
   </trkpt>
   <trkpt lat="39.025843" lon="-106.402472">
    <ele>3626</ele>
   </trkpt>
   <trkpt lat="39.02601" lon="-106.402472">
    <ele>3623</ele>
   </trkpt>
   <trkpt lat="39.026415" lon="-106.402319">
    <ele>3616</ele>
   </trkpt>
   <trkpt lat="39.026443" lon="-106.402373">
    <ele>3616</ele>
   </trkpt>
   <trkpt lat="39.026471" lon="-106.402265">
    <ele>3616</ele>
   </trkpt>
   <trkpt lat="39.02645" lon="-106.402364">
    <ele>3616</ele>
   </trkpt>
   <trkpt lat="39.026513" lon="-106.402355">
    <ele>3615</ele>
   </trkpt>
   <trkpt lat="39.026443" lon="-106.402238">
    <ele>3616</ele>
   </trkpt>
   <trkpt lat="39.026534" lon="-106.402292">
    <ele>3615</ele>
   </trkpt>
   <trkpt lat="39.026813" lon="-106.402211">
    <ele>3612</ele>
   </trkpt>
   <trkpt lat="39.027301" lon="-106.401834">
    <ele>3601</ele>
   </trkpt>
   <trkpt lat="39.027671" lon="-106.401403">
    <ele>3594</ele>
   </trkpt>
   <trkpt lat="39.027978" lon="-106.401205">
    <ele>3589</ele>
   </trkpt>
   <trkpt lat="39.028076" lon="-106.401026">
    <ele>3589</ele>
   </trkpt>
   <trkpt lat="39.028509" lon="-106.401071">
    <ele>3580</ele>
   </trkpt>
   <trkpt lat="39.02876" lon="-106.401035">
    <ele>3576</ele>
   </trkpt>
   <trkpt lat="39.02913" lon="-106.400801">
    <ele>3569</ele>
   </trkpt>
   <trkpt lat="39.029458" lon="-106.40037">
    <ele>3560</ele>
   </trkpt>
   <trkpt lat="39.029786" lon="-106.400163">
    <ele>3553</ele>
   </trkpt>
   <trkpt lat="39.030386" lon="-106.400127">
    <ele>3541</ele>
   </trkpt>
   <trkpt lat="39.030525" lon="-106.400002">
    <ele>3539</ele>
   </trkpt>
   <trkpt lat="39.031705" lon="-106.399642">
    <ele>3511</ele>
   </trkpt>
   <trkpt lat="39.032919" lon="-106.399157">
    <ele>3488</ele>
   </trkpt>
   <trkpt lat="39.033344" lon="-106.398798">
    <ele>3479</ele>
   </trkpt>
   <trkpt lat="39.034112" lon="-106.397882">
    <ele>3464</ele>
   </trkpt>
   <trkpt lat="39.034356" lon="-106.397675">
    <ele>3461</ele>
   </trkpt>
   <trkpt lat="39.034482" lon="-106.397729">
    <ele>3457</ele>
   </trkpt>
   <trkpt lat="39.034475" lon="-106.397882">
    <ele>3457</ele>
   </trkpt>
   <trkpt lat="39.034691" lon="-106.397873">
    <ele>3454</ele>
   </trkpt>
   <trkpt lat="39.035173" lon="-106.397549">
    <ele>3445</ele>
   </trkpt>
   <trkpt lat="39.035298" lon="-106.39754">
    <ele>3443</ele>
   </trkpt>
   <trkpt lat="39.03587" lon="-106.397136">
    <ele>3433</ele>
   </trkpt>
   <trkpt lat="39.036101" lon="-106.39692">
    <ele>3428</ele>
   </trkpt>
   <trkpt lat="39.036366" lon="-106.396866">
    <ele>3424</ele>
   </trkpt>
   <trkpt lat="39.037287" lon="-106.396301">
    <ele>3410</ele>
   </trkpt>
   <trkpt lat="39.03758" lon="-106.396247">
    <ele>3405</ele>
   </trkpt>
   <trkpt lat="39.037992" lon="-106.396004">
    <ele>3399</ele>
   </trkpt>
   <trkpt lat="39.038103" lon="-106.395869">
    <ele>3396</ele>
   </trkpt>
   <trkpt lat="39.038264" lon="-106.395348">
    <ele>3392</ele>
   </trkpt>
   <trkpt lat="39.03855" lon="-106.394935">
    <ele>3385</ele>
   </trkpt>
   <trkpt lat="39.038864" lon="-106.394666">
    <ele>3379</ele>
   </trkpt>
   <trkpt lat="39.039213" lon="-106.394216">
    <ele>3373</ele>
   </trkpt>
   <trkpt lat="39.03922" lon="-106.394055">
    <ele>3372</ele>
   </trkpt>
   <trkpt lat="39.03945" lon="-106.39366">
    <ele>3367</ele>
   </trkpt>
   <trkpt lat="39.039499" lon="-106.393453">
    <ele>3369</ele>
   </trkpt>
   <trkpt lat="39.040845" lon="-106.392312">
    <ele>3343</ele>
   </trkpt>
   <trkpt lat="39.041306" lon="-106.392052">
    <ele>3337</ele>
   </trkpt>
   <trkpt lat="39.041396" lon="-106.391908">
    <ele>3336</ele>
   </trkpt>
   <trkpt lat="39.042317" lon="-106.391495">
    <ele>3329</ele>
   </trkpt>
   <trkpt lat="39.042506" lon="-106.391297">
    <ele>3327</ele>
   </trkpt>
   <trkpt lat="39.042994" lon="-106.390947">
    <ele>3321</ele>
   </trkpt>
   <trkpt lat="39.043427" lon="-106.390848">
    <ele>3319</ele>
   </trkpt>
   <trkpt lat="39.043978" lon="-106.390363">
    <ele>3310</ele>
   </trkpt>
   <trkpt lat="39.044529" lon="-106.390551">
    <ele>3305</ele>
   </trkpt>
   <trkpt lat="39.044411" lon="-106.390129">
    <ele>3295</ele>
   </trkpt>
   <trkpt lat="39.044299" lon="-106.389949">
    <ele>3292</ele>
   </trkpt>
   <trkpt lat="39.044892" lon="-106.390138">
    <ele>3283</ele>
   </trkpt>
   <trkpt lat="39.045345" lon="-106.390336">
    <ele>3276</ele>
   </trkpt>
   <trkpt lat="39.045834" lon="-106.390282">
    <ele>3260</ele>
   </trkpt>
   <trkpt lat="39.046085" lon="-106.390408">
    <ele>3250</ele>
   </trkpt>
   <trkpt lat="39.04628" lon="-106.390003">
    <ele>3240</ele>
   </trkpt>
   <trkpt lat="39.04628" lon="-106.389887">
    <ele>3238</ele>
   </trkpt>
   <trkpt lat="39.046043" lon="-106.38959">
    <ele>3240</ele>
   </trkpt>
   <trkpt lat="39.046615" lon="-106.389545">
    <ele>3224</ele>
   </trkpt>
   <trkpt lat="39.047243" lon="-106.389707">
    <ele>3202</ele>
   </trkpt>
   <trkpt lat="39.047871" lon="-106.390201">
    <ele>3181</ele>
   </trkpt>
   <trkpt lat="39.048108" lon="-106.390318">
    <ele>3174</ele>
   </trkpt>
   <trkpt lat="39.048645" lon="-106.390758">
    <ele>3159</ele>
   </trkpt>
   <trkpt lat="39.048897" lon="-106.390821">
    <ele>3154</ele>
   </trkpt>
   <trkpt lat="39.049629" lon="-106.390309">
    <ele>3137</ele>
   </trkpt>
   <trkpt lat="39.05011" lon="-106.390147">
    <ele>3128</ele>
   </trkpt>
   <trkpt lat="39.050717" lon="-106.389788">
    <ele>3120</ele>
   </trkpt>
   <trkpt lat="39.050934" lon="-106.389797">
    <ele>3115</ele>
   </trkpt>
   <trkpt lat="39.051561" lon="-106.389572">
    <ele>3104</ele>
   </trkpt>
   <trkpt lat="39.052343" lon="-106.389366">
    <ele>3088</ele>
   </trkpt>
   <trkpt lat="39.053466" lon="-106.388997">
    <ele>3063</ele>
   </trkpt>
   <trkpt lat="39.053647" lon="-106.388854">
    <ele>3061</ele>
   </trkpt>
   <trkpt lat="39.054066" lon="-106.388683">
    <ele>3052</ele>
   </trkpt>
   <trkpt lat="39.055517" lon="-106.388656">
    <ele>3021</ele>
   </trkpt>
   <trkpt lat="39.056026" lon="-106.388728">
    <ele>3012</ele>
   </trkpt>
   <trkpt lat="39.056138" lon="-106.388638">
    <ele>3009</ele>
   </trkpt>
   <trkpt lat="39.056933" lon="-106.38853">
    <ele>2995</ele>
   </trkpt>
   <trkpt lat="39.057512" lon="-106.388593">
    <ele>2981</ele>
   </trkpt>
   <trkpt lat="39.058621" lon="-106.388611">
    <ele>2963</ele>
   </trkpt>
   <trkpt lat="39.059179" lon="-106.388422">
    <ele>2954</ele>
   </trkpt>
   <trkpt lat="39.059946" lon="-106.387632">
    <ele>2939</ele>
   </trkpt>
   <trkpt lat="39.060156" lon="-106.387308">
    <ele>2935</ele>
   </trkpt>
   <trkpt lat="39.060428" lon="-106.387093">
    <ele>2927</ele>
   </trkpt>
   <trkpt lat="39.060281" lon="-106.387407">
    <ele>2925</ele>
   </trkpt>
   <trkpt lat="39.060197" lon="-106.387829">
    <ele>2919</ele>
   </trkpt>
   <trkpt lat="39.06033" lon="-106.387668">
    <ele>2916</ele>
   </trkpt>
   <trkpt lat="39.060665" lon="-106.387533">
    <ele>2903</ele>
   </trkpt>
   <trkpt lat="39.061453" lon="-106.387659">
    <ele>2883</ele>
   </trkpt>
   <trkpt lat="39.062039" lon="-106.387443">
    <ele>2871</ele>
   </trkpt>
   <trkpt lat="39.062388" lon="-106.387389">
    <ele>2863</ele>
   </trkpt>
   <trkpt lat="39.062639" lon="-106.386787">
    <ele>2854</ele>
   </trkpt>
   <trkpt lat="39.062848" lon="-106.386671">
    <ele>2848</ele>
   </trkpt>
   <trkpt lat="39.063064" lon="-106.386338">
    <ele>2844</ele>
   </trkpt>
   <trkpt lat="39.063776" lon="-106.3865">
    <ele>2835</ele>
   </trkpt>
   <trkpt lat="39.063838" lon="-106.386428">
    <ele>2834</ele>
   </trkpt>
   <trkpt lat="39.064417" lon="-106.386186">
    <ele>2832</ele>
   </trkpt>
   <trkpt lat="39.064613" lon="-106.386186">
    <ele>2832</ele>
   </trkpt>
   <trkpt lat="39.064787" lon="-106.386069">
    <ele>2832</ele>
   </trkpt>
   <trkpt lat="39.06508" lon="-106.386177">
    <ele>2830</ele>
   </trkpt>
   <trkpt lat="39.066461" lon="-106.386221">
    <ele>2817</ele>
   </trkpt>
   <trkpt lat="39.066545" lon="-106.386132">
    <ele>2817</ele>
   </trkpt>
   <trkpt lat="39.066754" lon="-106.386221">
    <ele>2815</ele>
   </trkpt>
   <trkpt lat="39.068163" lon="-106.386392">
    <ele>2810</ele>
   </trkpt>
   <trkpt lat="39.069537" lon="-106.3865">
    <ele>2807</ele>
   </trkpt>
   <trkpt lat="39.06999" lon="-106.386796">
    <ele>2807</ele>
   </trkpt>
   <trkpt lat="39.07036" lon="-106.386967">
    <ele>2807</ele>
   </trkpt>
   <trkpt lat="39.070625" lon="-106.387264">
    <ele>2807</ele>
   </trkpt>
   <trkpt lat="39.070973" lon="-106.387461">
    <ele>2807</ele>
   </trkpt>
   <trkpt lat="39.071266" lon="-106.387811">
    <ele>2806</ele>
   </trkpt>
   <trkpt lat="39.071364" lon="-106.388045">
    <ele>2806</ele>
   </trkpt>
   <trkpt lat="39.071406" lon="-106.38835">
    <ele>2806</ele>
   </trkpt>
   <trkpt lat="39.071552" lon="-106.388485">
    <ele>2806</ele>
   </trkpt>
   <trkpt lat="39.071782" lon="-106.388503">
    <ele>2806</ele>
   </trkpt>
   <trkpt lat="39.071992" lon="-106.388279">
    <ele>2806</ele>
   </trkpt>
   <trkpt lat="39.072445" lon="-106.388656">
    <ele>2806</ele>
   </trkpt>
   <trkpt lat="39.072584" lon="-106.388818">
    <ele>2806</ele>
   </trkpt>
   <trkpt lat="39.072612" lon="-106.388997">
    <ele>2806</ele>
   </trkpt>
   <trkpt lat="39.072849" lon="-106.389294">
    <ele>2806</ele>
   </trkpt>
   <trkpt lat="39.073017" lon="-106.389393">
    <ele>2806</ele>
   </trkpt>
   <trkpt lat="39.073386" lon="-106.389384">
    <ele>2806</ele>
   </trkpt>
   <trkpt lat="39.073449" lon="-106.389662">
    <ele>2807</ele>
   </trkpt>
   <trkpt lat="39.073184" lon="-106.390875">
    <ele>2808</ele>
   </trkpt>
   <trkpt lat="39.073184" lon="-106.391063">
    <ele>2808</ele>
   </trkpt>
   <trkpt lat="39.073275" lon="-106.391279">
    <ele>2808</ele>
   </trkpt>
   <trkpt lat="39.073623" lon="-106.391522">
    <ele>2808</ele>
   </trkpt>
   <trkpt lat="39.0737" lon="-106.391818">
    <ele>2808</ele>
   </trkpt>
   <trkpt lat="39.074056" lon="-106.391971">
    <ele>2808</ele>
   </trkpt>
   <trkpt lat="39.074725" lon="-106.392689">
    <ele>2808</ele>
   </trkpt>
   <trkpt lat="39.075207" lon="-106.392869">
    <ele>2806</ele>
   </trkpt>
   <trkpt lat="39.075534" lon="-106.392734">
    <ele>2807</ele>
   </trkpt>
   <trkpt lat="39.076427" lon="-106.393085">
    <ele>2807</ele>
   </trkpt>
   <trkpt lat="39.076573" lon="-106.39321">
    <ele>2807</ele>
   </trkpt>
   <trkpt lat="39.076622" lon="-106.393435">
    <ele>2807</ele>
   </trkpt>
   <trkpt lat="39.076776" lon="-106.393579">
    <ele>2807</ele>
   </trkpt>
   <trkpt lat="39.076957" lon="-106.393561">
    <ele>2808</ele>
   </trkpt>
   <trkpt lat="39.077445" lon="-106.393156">
    <ele>2807</ele>
   </trkpt>
   <trkpt lat="39.077919" lon="-106.392573">
    <ele>2806</ele>
   </trkpt>
   <trkpt lat="39.078059" lon="-106.391863">
    <ele>2806</ele>
   </trkpt>
   <trkpt lat="39.078317" lon="-106.391405">
    <ele>2806</ele>
   </trkpt>
   <trkpt lat="39.078659" lon="-106.39118">
    <ele>2807</ele>
   </trkpt>
   <trkpt lat="39.078979" lon="-106.390417">
    <ele>2810</ele>
   </trkpt>
   <trkpt lat="39.079209" lon="-106.389536">
    <ele>2812</ele>
   </trkpt>
   <trkpt lat="39.07944" lon="-106.389393">
    <ele>2813</ele>
   </trkpt>
   <trkpt lat="39.079656" lon="-106.388306">
    <ele>2810</ele>
   </trkpt>
   <trkpt lat="39.080025" lon="-106.387533">
    <ele>2807</ele>
   </trkpt>
   <trkpt lat="39.080221" lon="-106.386626">
    <ele>2807</ele>
   </trkpt>
   <trkpt lat="39.080297" lon="-106.386446">
    <ele>2806</ele>
   </trkpt>
   <trkpt lat="39.080367" lon="-106.385844">
    <ele>2808</ele>
   </trkpt>
   <trkpt lat="39.080346" lon="-106.385179">
    <ele>2810</ele>
   </trkpt>
   <trkpt lat="39.080499" lon="-106.384739">
    <ele>2810</ele>
   </trkpt>
   <trkpt lat="39.080625" lon="-106.384551">
    <ele>2810</ele>
   </trkpt>
   <trkpt lat="39.080764" lon="-106.384497">
    <ele>2811</ele>
   </trkpt>
   <trkpt lat="39.080911" lon="-106.384344">
    <ele>2811</ele>
   </trkpt>
   <trkpt lat="39.081009" lon="-106.384137">
    <ele>2810</ele>
   </trkpt>
   <trkpt lat="39.081134" lon="-106.384003">
    <ele>2810</ele>
   </trkpt>
   <trkpt lat="39.081239" lon="-106.383527">
    <ele>2810</ele>
   </trkpt>
   <trkpt lat="39.08135" lon="-106.383311">
    <ele>2811</ele>
   </trkpt>
   <trkpt lat="39.081385" lon="-106.383095">
    <ele>2811</ele>
   </trkpt>
   <trkpt lat="39.08149" lon="-106.382898">
    <ele>2811</ele>
   </trkpt>
   <trkpt lat="39.081511" lon="-106.382215">
    <ele>2810</ele>
   </trkpt>
   <trkpt lat="39.081657" lon="-106.382089">
    <ele>2810</ele>
   </trkpt>
   <trkpt lat="39.082815" lon="-106.382089">
    <ele>2814</ele>
   </trkpt>
   <trkpt lat="39.0828553" lon="-106.3822293">
    <ele>2815</ele>
   </trkpt>
   <trkpt lat="39.082879" lon="-106.3831907">
    <ele>2816</ele>
   </trkpt>
   <trkpt lat="39.082891" lon="-106.384057">
    <ele>2815</ele>
   </trkpt>
   <trkpt lat="39.0828863" lon="-106.3842673">
    <ele>2818</ele>
   </trkpt>
   <trkpt lat="39.082884" lon="-106.384371">
    <ele>2821</ele>
   </trkpt>
   <trkpt lat="39.082801" lon="-106.384596">
    <ele>2824</ele>
   </trkpt>
   <trkpt lat="39.082703" lon="-106.385539">
    <ele>2828</ele>
   </trkpt>
   <trkpt lat="39.082891" lon="-106.386042">
    <ele>2830</ele>
   </trkpt>
   <trkpt lat="39.0828632" lon="-106.3860881">
    <ele>2829</ele>
   </trkpt>
   <trkpt lat="39.0826738" lon="-106.3862656">
    <ele>2834</ele>
   </trkpt>
   <trkpt lat="39.0825601" lon="-106.3863391">
    <ele>2836</ele>
   </trkpt>
   <trkpt lat="39.082481" lon="-106.3865697">
    <ele>2838</ele>
   </trkpt>
   <trkpt lat="39.0825155" lon="-106.3867976">
    <ele>2840</ele>
   </trkpt>
   <trkpt lat="39.082591" lon="-106.387075">
    <ele>2843</ele>
   </trkpt>
   <trkpt lat="39.08255" lon="-106.387335">
    <ele>2846</ele>
   </trkpt>
   <trkpt lat="39.082368" lon="-106.387668">
    <ele>2850</ele>
   </trkpt>
   <trkpt lat="39.082243" lon="-106.388135">
    <ele>2858</ele>
   </trkpt>
   <trkpt lat="39.082124" lon="-106.388656">
    <ele>2865</ele>
   </trkpt>
   <trkpt lat="39.082041" lon="-106.388845">
    <ele>2866</ele>
   </trkpt>
   <trkpt lat="39.082048" lon="-106.389419">
    <ele>2877</ele>
   </trkpt>
   <trkpt lat="39.081859" lon="-106.390264">
    <ele>2887</ele>
   </trkpt>
   <trkpt lat="39.08195" lon="-106.390524">
    <ele>2892</ele>
   </trkpt>
   <trkpt lat="39.082187" lon="-106.390417">
    <ele>2896</ele>
   </trkpt>
   <trkpt lat="39.082271" lon="-106.390417">
    <ele>2897</ele>
   </trkpt>
   <trkpt lat="39.082808" lon="-106.390857">
    <ele>2903</ele>
   </trkpt>
   <trkpt lat="39.083031" lon="-106.391126">
    <ele>2907</ele>
   </trkpt>
   <trkpt lat="39.083568" lon="-106.391647">
    <ele>2919</ele>
   </trkpt>
   <trkpt lat="39.083721" lon="-106.391486">
    <ele>2924</ele>
   </trkpt>
   <trkpt lat="39.083623" lon="-106.391081">
    <ele>2925</ele>
   </trkpt>
   <trkpt lat="39.083616" lon="-106.390569">
    <ele>2926</ele>
   </trkpt>
   <trkpt lat="39.083861" lon="-106.390794">
    <ele>2930</ele>
   </trkpt>
   <trkpt lat="39.084174" lon="-106.390453">
    <ele>2936</ele>
   </trkpt>
   <trkpt lat="39.084418" lon="-106.390614">
    <ele>2941</ele>
   </trkpt>
   <trkpt lat="39.084516" lon="-106.390839">
    <ele>2947</ele>
   </trkpt>
   <trkpt lat="39.084572" lon="-106.391351">
    <ele>2953</ele>
   </trkpt>
   <trkpt lat="39.084523" lon="-106.391495">
    <ele>2954</ele>
   </trkpt>
   <trkpt lat="39.084593" lon="-106.391557">
    <ele>2957</ele>
   </trkpt>
   <trkpt lat="39.085067" lon="-106.391234">
    <ele>2966</ele>
   </trkpt>
   <trkpt lat="39.085269" lon="-106.391216">
    <ele>2970</ele>
   </trkpt>
   <trkpt lat="39.085625" lon="-106.391477">
    <ele>2979</ele>
   </trkpt>
   <trkpt lat="39.086099" lon="-106.39118">
    <ele>2983</ele>
   </trkpt>
   <trkpt lat="39.086664" lon="-106.390641">
    <ele>2988</ele>
   </trkpt>
   <trkpt lat="39.08697" lon="-106.390506">
    <ele>2992</ele>
   </trkpt>
   <trkpt lat="39.087438" lon="-106.390183">
    <ele>2997</ele>
   </trkpt>
   <trkpt lat="39.087654" lon="-106.38994">
    <ele>2994</ele>
   </trkpt>
   <trkpt lat="39.088595" lon="-106.389905">
    <ele>3004</ele>
   </trkpt>
   <trkpt lat="39.089125" lon="-106.390084">
    <ele>3010</ele>
   </trkpt>
   <trkpt lat="39.089299" lon="-106.390201">
    <ele>3012</ele>
   </trkpt>
   <trkpt lat="39.089634" lon="-106.390012">
    <ele>3007</ele>
   </trkpt>
   <trkpt lat="39.090059" lon="-106.390237">
    <ele>3011</ele>
   </trkpt>
   <trkpt lat="39.090352" lon="-106.390066">
    <ele>3008</ele>
   </trkpt>
   <trkpt lat="39.090812" lon="-106.390201">
    <ele>3014</ele>
   </trkpt>
   <trkpt lat="39.090896" lon="-106.390129">
    <ele>3013</ele>
   </trkpt>
   <trkpt lat="39.091063" lon="-106.390237">
    <ele>3014</ele>
   </trkpt>
   <trkpt lat="39.091168" lon="-106.390453">
    <ele>3016</ele>
   </trkpt>
   <trkpt lat="39.091363" lon="-106.390614">
    <ele>3010</ele>
   </trkpt>
   <trkpt lat="39.091733" lon="-106.391288">
    <ele>3016</ele>
   </trkpt>
   <trkpt lat="39.091767" lon="-106.391432">
    <ele>3020</ele>
   </trkpt>
   <trkpt lat="39.091977" lon="-106.391441">
    <ele>3017</ele>
   </trkpt>
   <trkpt lat="39.092137" lon="-106.391063">
    <ele>3018</ele>
   </trkpt>
   <trkpt lat="39.092332" lon="-106.390408">
    <ele>3023</ele>
   </trkpt>
   <trkpt lat="39.092479" lon="-106.390318">
    <ele>3023</ele>
   </trkpt>
   <trkpt lat="39.092639" lon="-106.39039">
    <ele>3028</ele>
   </trkpt>
   <trkpt lat="39.092764" lon="-106.390282">
    <ele>3026</ele>
   </trkpt>
   <trkpt lat="39.092869" lon="-106.389752">
    <ele>3027</ele>
   </trkpt>
   <trkpt lat="39.093078" lon="-106.389357">
    <ele>3032</ele>
   </trkpt>
   <trkpt lat="39.093127" lon="-106.389132">
    <ele>3032</ele>
   </trkpt>
   <trkpt lat="39.093252" lon="-106.388979">
    <ele>3030</ele>
   </trkpt>
   <trkpt lat="39.093929" lon="-106.388719">
    <ele>3040</ele>
   </trkpt>
   <trkpt lat="39.094486" lon="-106.38827">
    <ele>3040</ele>
   </trkpt>
   <trkpt lat="39.094821" lon="-106.388261">
    <ele>3044</ele>
   </trkpt>
   <trkpt lat="39.095065" lon="-106.388108">
    <ele>3041</ele>
   </trkpt>
   <trkpt lat="39.095225" lon="-106.388117">
    <ele>3043</ele>
   </trkpt>
   <trkpt lat="39.0954408" lon="-106.3881957">
    <ele>3047</ele>
   </trkpt>
   <trkpt lat="39.0957752" lon="-106.3886619">
    <ele>3063</ele>
   </trkpt>
   <trkpt lat="39.096302" lon="-106.3891285">
    <ele>3084</ele>
   </trkpt>
   <trkpt lat="39.096766" lon="-106.389491">
    <ele>3093</ele>
   </trkpt>
   <trkpt lat="39.097303" lon="-106.389716">
    <ele>3098</ele>
   </trkpt>
   <trkpt lat="39.097937" lon="-106.390048">
    <ele>3110</ele>
   </trkpt>
   <trkpt lat="39.098614" lon="-106.390165">
    <ele>3118</ele>
   </trkpt>
   <trkpt lat="39.098809" lon="-106.390237">
    <ele>3119</ele>
   </trkpt>
   <trkpt lat="39.099248" lon="-106.390749">
    <ele>3130</ele>
   </trkpt>
   <trkpt lat="39.099408" lon="-106.390992">
    <ele>3135</ele>
   </trkpt>
   <trkpt lat="39.099945" lon="-106.39118">
    <ele>3139</ele>
   </trkpt>
   <trkpt lat="39.1004666" lon="-106.3916748">
    <ele>3147</ele>
   </trkpt>
   <trkpt lat="39.100705" lon="-106.392061">
    <ele>3152</ele>
   </trkpt>
   <trkpt lat="39.101409" lon="-106.39286">
    <ele>3159</ele>
   </trkpt>
   <trkpt lat="39.101437" lon="-106.392968">
    <ele>3161</ele>
   </trkpt>
   <trkpt lat="39.101695" lon="-106.393183">
    <ele>3165</ele>
   </trkpt>
   <trkpt lat="39.102078" lon="-106.393372">
    <ele>3166</ele>
   </trkpt>
   <trkpt lat="39.102211" lon="-106.393516">
    <ele>3167</ele>
   </trkpt>
   <trkpt lat="39.10334" lon="-106.394342">
    <ele>3179</ele>
   </trkpt>
   <trkpt lat="39.103452" lon="-106.394558">
    <ele>3183</ele>
   </trkpt>
   <trkpt lat="39.103675" lon="-106.394827">
    <ele>3187</ele>
   </trkpt>
   <trkpt lat="39.104086" lon="-106.395178">
    <ele>3193</ele>
   </trkpt>
   <trkpt lat="39.104058" lon="-106.395339">
    <ele>3196</ele>
   </trkpt>
   <trkpt lat="39.104128" lon="-106.395474">
    <ele>3198</ele>
   </trkpt>
   <trkpt lat="39.104476" lon="-106.395654">
    <ele>3204</ele>
   </trkpt>
   <trkpt lat="39.104853" lon="-106.395627">
    <ele>3207</ele>
   </trkpt>
   <trkpt lat="39.105229" lon="-106.395429">
    <ele>3208</ele>
   </trkpt>
   <trkpt lat="39.105731" lon="-106.395393">
    <ele>3206</ele>
   </trkpt>
   <trkpt lat="39.106254" lon="-106.39498">
    <ele>3209</ele>
   </trkpt>
   <trkpt lat="39.107049" lon="-106.394773">
    <ele>3217</ele>
   </trkpt>
   <trkpt lat="39.10762" lon="-106.394441">
    <ele>3218</ele>
   </trkpt>
   <trkpt lat="39.108045" lon="-106.394486">
    <ele>3222</ele>
   </trkpt>
   <trkpt lat="39.109021" lon="-106.394297">
    <ele>3224</ele>
   </trkpt>
   <trkpt lat="39.109481" lon="-106.393875">
    <ele>3216</ele>
   </trkpt>
   <trkpt lat="39.109621" lon="-106.393911">
    <ele>3215</ele>
   </trkpt>
   <trkpt lat="39.109725" lon="-106.393866">
    <ele>3213</ele>
   </trkpt>
   <trkpt lat="39.109691" lon="-106.393336">
    <ele>3203</ele>
   </trkpt>
   <trkpt lat="39.109809" lon="-106.393462">
    <ele>3204</ele>
   </trkpt>
   <trkpt lat="39.110569" lon="-106.393399">
    <ele>3207</ele>
   </trkpt>
   <trkpt lat="39.110882" lon="-106.393183">
    <ele>3204</ele>
   </trkpt>
   <trkpt lat="39.11098" lon="-106.393022">
    <ele>3201</ele>
   </trkpt>
   <trkpt lat="39.111085" lon="-106.393085">
    <ele>3201</ele>
   </trkpt>
   <trkpt lat="39.111238" lon="-106.393067">
    <ele>3201</ele>
   </trkpt>
   <trkpt lat="39.111342" lon="-106.392878">
    <ele>3201</ele>
   </trkpt>
   <trkpt lat="39.111287" lon="-106.392689">
    <ele>3200</ele>
   </trkpt>
   <trkpt lat="39.111391" lon="-106.392204">
    <ele>3199</ele>
   </trkpt>
   <trkpt lat="39.111747" lon="-106.391728">
    <ele>3193</ele>
   </trkpt>
   <trkpt lat="39.111844" lon="-106.391539">
    <ele>3191</ele>
   </trkpt>
   <trkpt lat="39.112207" lon="-106.391441">
    <ele>3191</ele>
   </trkpt>
   <trkpt lat="39.11252" lon="-106.391198">
    <ele>3192</ele>
   </trkpt>
   <trkpt lat="39.113155" lon="-106.390524">
    <ele>3190</ele>
   </trkpt>
   <trkpt lat="39.113489" lon="-106.389797">
    <ele>3187</ele>
   </trkpt>
   <trkpt lat="39.113831" lon="-106.389608">
    <ele>3187</ele>
   </trkpt>
   <trkpt lat="39.114131" lon="-106.389581">
    <ele>3187</ele>
   </trkpt>
   <trkpt lat="39.114953" lon="-106.390075">
    <ele>3190</ele>
   </trkpt>
   <trkpt lat="39.115141" lon="-106.390255">
    <ele>3195</ele>
   </trkpt>
   <trkpt lat="39.115127" lon="-106.390309">
    <ele>3195</ele>
   </trkpt>
   <trkpt lat="39.115281" lon="-106.390291">
    <ele>3197</ele>
   </trkpt>
   <trkpt lat="39.115469" lon="-106.390138">
    <ele>3199</ele>
   </trkpt>
   <trkpt lat="39.115706" lon="-106.390039">
    <ele>3204</ele>
   </trkpt>
   <trkpt lat="39.116305" lon="-106.389276">
    <ele>3216</ele>
   </trkpt>
   <trkpt lat="39.116563" lon="-106.389078">
    <ele>3222</ele>
   </trkpt>
   <trkpt lat="39.116695" lon="-106.388907">
    <ele>3225</ele>
   </trkpt>
   <trkpt lat="39.11719" lon="-106.388548">
    <ele>3231</ele>
   </trkpt>
   <trkpt lat="39.117225" lon="-106.388593">
    <ele>3231</ele>
   </trkpt>
   <trkpt lat="39.117204" lon="-106.388818">
    <ele>3232</ele>
   </trkpt>
   <trkpt lat="39.117351" lon="-106.389321">
    <ele>3231</ele>
   </trkpt>
   <trkpt lat="39.117337" lon="-106.3895">
    <ele>3232</ele>
   </trkpt>
   <trkpt lat="39.117608" lon="-106.389617">
    <ele>3233</ele>
   </trkpt>
   <trkpt lat="39.117824" lon="-106.389635">
    <ele>3234</ele>
   </trkpt>
   <trkpt lat="39.118006" lon="-106.389545">
    <ele>3234</ele>
   </trkpt>
   <trkpt lat="39.118368" lon="-106.389024">
    <ele>3227</ele>
   </trkpt>
   <trkpt lat="39.118549" lon="-106.388961">
    <ele>3224</ele>
   </trkpt>
   <trkpt lat="39.118905" lon="-106.389258">
    <ele>3223</ele>
   </trkpt>
   <trkpt lat="39.119867" lon="-106.389482">
    <ele>3212</ele>
   </trkpt>
   <trkpt lat="39.120557" lon="-106.389779">
    <ele>3210</ele>
   </trkpt>
   <trkpt lat="39.120912" lon="-106.389761">
    <ele>3207</ele>
   </trkpt>
   <trkpt lat="39.121037" lon="-106.389671">
    <ele>3206</ele>
   </trkpt>
   <trkpt lat="39.120877" lon="-106.389393">
    <ele>3202</ele>
   </trkpt>
   <trkpt lat="39.120912" lon="-106.389231">
    <ele>3199</ele>
   </trkpt>
   <trkpt lat="39.122111" lon="-106.388907">
    <ele>3185</ele>
   </trkpt>
   <trkpt lat="39.122626" lon="-106.388692">
    <ele>3177</ele>
   </trkpt>
   <trkpt lat="39.123665" lon="-106.388719">
    <ele>3161</ele>
   </trkpt>
   <trkpt lat="39.123999" lon="-106.388961">
    <ele>3156</ele>
   </trkpt>
   <trkpt lat="39.124208" lon="-106.389285">
    <ele>3154</ele>
   </trkpt>
   <trkpt lat="39.124146" lon="-106.389545">
    <ele>3155</ele>
   </trkpt>
   <trkpt lat="39.124167" lon="-106.389644">
    <ele>3155</ele>
   </trkpt>
   <trkpt lat="39.124083" lon="-106.390165">
    <ele>3156</ele>
   </trkpt>
   <trkpt lat="39.124292" lon="-106.390444">
    <ele>3154</ele>
   </trkpt>
   <trkpt lat="39.124376" lon="-106.390731">
    <ele>3153</ele>
   </trkpt>
   <trkpt lat="39.124341" lon="-106.390866">
    <ele>3155</ele>
   </trkpt>
   <trkpt lat="39.12439" lon="-106.390965">
    <ele>3153</ele>
   </trkpt>
   <trkpt lat="39.124334" lon="-106.391171">
    <ele>3154</ele>
   </trkpt>
   <trkpt lat="39.124508" lon="-106.390965">
    <ele>3151</ele>
   </trkpt>
   <trkpt lat="39.124759" lon="-106.391288">
    <ele>3144</ele>
   </trkpt>
   <trkpt lat="39.124766" lon="-106.391369">
    <ele>3144</ele>
   </trkpt>
   <trkpt lat="39.124954" lon="-106.391297">
    <ele>3141</ele>
   </trkpt>
   <trkpt lat="39.125045" lon="-106.39136">
    <ele>3141</ele>
   </trkpt>
   <trkpt lat="39.12533" lon="-106.39109">
    <ele>3138</ele>
   </trkpt>
   <trkpt lat="39.12556" lon="-106.391144">
    <ele>3142</ele>
   </trkpt>
   <trkpt lat="39.126236" lon="-106.390911">
    <ele>3156</ele>
   </trkpt>
   <trkpt lat="39.126417" lon="-106.390695">
    <ele>3160</ele>
   </trkpt>
   <trkpt lat="39.127003" lon="-106.390165">
    <ele>3164</ele>
   </trkpt>
   <trkpt lat="39.127867" lon="-106.390129">
    <ele>3163</ele>
   </trkpt>
   <trkpt lat="39.128097" lon="-106.3903">
    <ele>3164</ele>
   </trkpt>
   <trkpt lat="39.128383" lon="-106.390444">
    <ele>3163</ele>
   </trkpt>
   <trkpt lat="39.128982" lon="-106.390992">
    <ele>3161</ele>
   </trkpt>
   <trkpt lat="39.129386" lon="-106.391522">
    <ele>3161</ele>
   </trkpt>
   <trkpt lat="39.129539" lon="-106.391665">
    <ele>3160</ele>
   </trkpt>
   <trkpt lat="39.129581" lon="-106.3918">
    <ele>3162</ele>
   </trkpt>
   <trkpt lat="39.129818" lon="-106.39198">
    <ele>3159</ele>
   </trkpt>
   <trkpt lat="39.130257" lon="-106.392617">
    <ele>3161</ele>
   </trkpt>
   <trkpt lat="39.131156" lon="-106.393147">
    <ele>3154</ele>
   </trkpt>
   <trkpt lat="39.131839" lon="-106.394028">
    <ele>3154</ele>
   </trkpt>
   <trkpt lat="39.131888" lon="-106.39427">
    <ele>3154</ele>
   </trkpt>
   <trkpt lat="39.132159" lon="-106.394729">
    <ele>3152</ele>
   </trkpt>
   <trkpt lat="39.132375" lon="-106.394971">
    <ele>3151</ele>
   </trkpt>
   <trkpt lat="39.132375" lon="-106.39507">
    <ele>3151</ele>
   </trkpt>
   <trkpt lat="39.133358" lon="-106.395726">
    <ele>3144</ele>
   </trkpt>
   <trkpt lat="39.133895" lon="-106.395878">
    <ele>3139</ele>
   </trkpt>
   <trkpt lat="39.134431" lon="-106.396193">
    <ele>3136</ele>
   </trkpt>
   <trkpt lat="39.134675" lon="-106.396444">
    <ele>3136</ele>
   </trkpt>
   <trkpt lat="39.135281" lon="-106.396633">
    <ele>3131</ele>
   </trkpt>
   <trkpt lat="39.135539" lon="-106.39701">
    <ele>3130</ele>
   </trkpt>
   <trkpt lat="39.135971" lon="-106.397136">
    <ele>3127</ele>
   </trkpt>
   <trkpt lat="39.136166" lon="-106.397271">
    <ele>3126</ele>
   </trkpt>
   <trkpt lat="39.136723" lon="-106.397388">
    <ele>3117</ele>
   </trkpt>
   <trkpt lat="39.137128" lon="-106.397576">
    <ele>3113</ele>
   </trkpt>
   <trkpt lat="39.137636" lon="-106.397693">
    <ele>3108</ele>
   </trkpt>
   <trkpt lat="39.1385" lon="-106.39816">
    <ele>3099</ele>
   </trkpt>
   <trkpt lat="39.138828" lon="-106.398115">
    <ele>3096</ele>
   </trkpt>
   <trkpt lat="39.139162" lon="-106.397864">
    <ele>3095</ele>
   </trkpt>
   <trkpt lat="39.139657" lon="-106.397693">
    <ele>3095</ele>
   </trkpt>
   <trkpt lat="39.139977" lon="-106.397504">
    <ele>3093</ele>
   </trkpt>
   <trkpt lat="39.140235" lon="-106.397531">
    <ele>3092</ele>
   </trkpt>
   <trkpt lat="39.141399" lon="-106.39816">
    <ele>3087</ele>
   </trkpt>
   <trkpt lat="39.141656" lon="-106.39834">
    <ele>3083</ele>
   </trkpt>
   <trkpt lat="39.141865" lon="-106.398564">
    <ele>3081</ele>
   </trkpt>
   <trkpt lat="39.14213" lon="-106.398681">
    <ele>3081</ele>
   </trkpt>
   <trkpt lat="39.142897" lon="-106.398564">
    <ele>3075</ele>
   </trkpt>
   <trkpt lat="39.143322" lon="-106.398241">
    <ele>3074</ele>
   </trkpt>
   <trkpt lat="39.143935" lon="-106.395824">
    <ele>3061</ele>
   </trkpt>
   <trkpt lat="39.144304" lon="-106.395169">
    <ele>3061</ele>
   </trkpt>
   <trkpt lat="39.145265" lon="-106.394432">
    <ele>3059</ele>
   </trkpt>
   <trkpt lat="39.145412" lon="-106.394198">
    <ele>3059</ele>
   </trkpt>
   <trkpt lat="39.145251" lon="-106.393812">
    <ele>3058</ele>
   </trkpt>
   <trkpt lat="39.144638" lon="-106.391575">
    <ele>3057</ele>
   </trkpt>
   <trkpt lat="39.14429" lon="-106.389321">
    <ele>3058</ele>
   </trkpt>
   <trkpt lat="39.144304" lon="-106.388575">
    <ele>3059</ele>
   </trkpt>
   <trkpt lat="39.144569" lon="-106.387973">
    <ele>3062</ele>
   </trkpt>
   <trkpt lat="39.144722" lon="-106.387183">
    <ele>3062</ele>
   </trkpt>
   <trkpt lat="39.144896" lon="-106.38694">
    <ele>3060</ele>
   </trkpt>
   <trkpt lat="39.145098" lon="-106.38685">
    <ele>3060</ele>
   </trkpt>
   <trkpt lat="39.145119" lon="-106.38588">
    <ele>3057</ele>
   </trkpt>
   <trkpt lat="39.14521" lon="-106.385341">
    <ele>3058</ele>
   </trkpt>
   <trkpt lat="39.145168" lon="-106.385152">
    <ele>3057</ele>
   </trkpt>
   <trkpt lat="39.144785" lon="-106.384488">
    <ele>3050</ele>
   </trkpt>
   <trkpt lat="39.144597" lon="-106.383931">
    <ele>3050</ele>
   </trkpt>
   <trkpt lat="39.144722" lon="-106.382179">
    <ele>3047</ele>
   </trkpt>
   <trkpt lat="39.144861" lon="-106.38085">
    <ele>3043</ele>
   </trkpt>
   <trkpt lat="39.145133" lon="-106.379852">
    <ele>3038</ele>
   </trkpt>
   <trkpt lat="39.145446" lon="-106.379322">
    <ele>3035</ele>
   </trkpt>
   <trkpt lat="39.145774" lon="-106.378918">
    <ele>3032</ele>
   </trkpt>
   <trkpt lat="39.145997" lon="-106.378397">
    <ele>3029</ele>
   </trkpt>
   <trkpt lat="39.145948" lon="-106.376439">
    <ele>3019</ele>
   </trkpt>
   <trkpt lat="39.146053" lon="-106.375217">
    <ele>3014</ele>
   </trkpt>
   <trkpt lat="39.14615" lon="-106.373986">
    <ele>3009</ele>
   </trkpt>
   <trkpt lat="39.146248" lon="-106.373411">
    <ele>3007</ele>
   </trkpt>
   <trkpt lat="39.146554" lon="-106.372926">
    <ele>3006</ele>
   </trkpt>
   <trkpt lat="39.147132" lon="-106.372819">
    <ele>3005</ele>
   </trkpt>
   <trkpt lat="39.147808" lon="-106.372486">
    <ele>3004</ele>
   </trkpt>
   <trkpt lat="39.148059" lon="-106.372594">
    <ele>3004</ele>
   </trkpt>
   <trkpt lat="39.148575" lon="-106.373142">
    <ele>3000</ele>
   </trkpt>
   <trkpt lat="39.148944" lon="-106.373699">
    <ele>2998</ele>
   </trkpt>
   <trkpt lat="39.149188" lon="-106.374211">
    <ele>2999</ele>
   </trkpt>
   <trkpt lat="39.149257" lon="-106.374202">
    <ele>3000</ele>
   </trkpt>
   <trkpt lat="39.149626" lon="-106.373474">
    <ele>3003</ele>
   </trkpt>
   <trkpt lat="39.14971" lon="-106.372576">
    <ele>3005</ele>
   </trkpt>
   <trkpt lat="39.149661" lon="-106.372378">
    <ele>3003</ele>
   </trkpt>
   <trkpt lat="39.149829" lon="-106.371723">
    <ele>3005</ele>
   </trkpt>
   <trkpt lat="39.150024" lon="-106.371507">
    <ele>3006</ele>
   </trkpt>
   <trkpt lat="39.1508604" lon="-106.3716443">
    <ele>3009</ele>
   </trkpt>
   <trkpt lat="39.150887" lon="-106.371606">
    <ele>3009</ele>
   </trkpt>
   <trkpt lat="39.1509673" lon="-106.3716282">
    <ele>3009</ele>
   </trkpt>
   <trkpt lat="39.151278" lon="-106.371714">
    <ele>3009</ele>
   </trkpt>
   <trkpt lat="39.152162" lon="-106.371705">
    <ele>3010</ele>
   </trkpt>
   <trkpt lat="39.152622" lon="-106.371588">
    <ele>3009</ele>
   </trkpt>
   <trkpt lat="39.152817" lon="-106.371453">
    <ele>3008</ele>
   </trkpt>
   <trkpt lat="39.153493" lon="-106.371157">
    <ele>3007</ele>
   </trkpt>
   <trkpt lat="39.154168" lon="-106.370663">
    <ele>3005</ele>
   </trkpt>
   <trkpt lat="39.155053" lon="-106.369845">
    <ele>3001</ele>
   </trkpt>
   <trkpt lat="39.155513" lon="-106.369342">
    <ele>2999</ele>
   </trkpt>
   <trkpt lat="39.155938" lon="-106.368758">
    <ele>2996</ele>
   </trkpt>
   <trkpt lat="39.156927" lon="-106.367887">
    <ele>2992</ele>
   </trkpt>
   <trkpt lat="39.157331" lon="-106.367707">
    <ele>2990</ele>
   </trkpt>
   <trkpt lat="39.157784" lon="-106.367671">
    <ele>2988</ele>
   </trkpt>
   <trkpt lat="39.159497" lon="-106.368013">
    <ele>2985</ele>
   </trkpt>
   <trkpt lat="39.160006" lon="-106.368255">
    <ele>2984</ele>
   </trkpt>
   <trkpt lat="39.160535" lon="-106.36857">
    <ele>2983</ele>
   </trkpt>
   <trkpt lat="39.161002" lon="-106.36839">
    <ele>2984</ele>
   </trkpt>
   <trkpt lat="39.1611819" lon="-106.3683719">
    <ele>2985</ele>
   </trkpt>
   <trkpt lat="39.162235" lon="-106.368543">
    <ele>2986</ele>
   </trkpt>
   <trkpt lat="39.163015" lon="-106.368884">
    <ele>2986</ele>
   </trkpt>
   <trkpt lat="39.163753" lon="-106.368938">
    <ele>2986</ele>
   </trkpt>
   <trkpt lat="39.164227" lon="-106.368848">
    <ele>2985</ele>
   </trkpt>
   <trkpt lat="39.164791" lon="-106.368588">
    <ele>2983</ele>
   </trkpt>
   <trkpt lat="39.165668" lon="-106.368067">
    <ele>2980</ele>
   </trkpt>
   <trkpt lat="39.166191" lon="-106.367878">
    <ele>2978</ele>
   </trkpt>
   <trkpt lat="39.166462" lon="-106.367905">
    <ele>2977</ele>
   </trkpt>
   <trkpt lat="39.166971" lon="-106.367779">
    <ele>2975</ele>
   </trkpt>
   <trkpt lat="39.167263" lon="-106.367545">
    <ele>2971</ele>
   </trkpt>
   <trkpt lat="39.167472" lon="-106.367204">
    <ele>2970</ele>
   </trkpt>
   <trkpt lat="39.168252" lon="-106.366557">
    <ele>2959</ele>
   </trkpt>
   <trkpt lat="39.168768" lon="-106.366288">
    <ele>2956</ele>
   </trkpt>
   <trkpt lat="39.168928" lon="-106.366108">
    <ele>2955</ele>
   </trkpt>
   <trkpt lat="39.169241" lon="-106.365165">
    <ele>2951</ele>
   </trkpt>
   <trkpt lat="39.169401" lon="-106.364895">
    <ele>2950</ele>
   </trkpt>
   <trkpt lat="39.169659" lon="-106.364842">
    <ele>2950</ele>
   </trkpt>
   <trkpt lat="39.169993" lon="-106.364931">
    <ele>2949</ele>
   </trkpt>
   <trkpt lat="39.171233" lon="-106.364779">
    <ele>2944</ele>
   </trkpt>
   <trkpt lat="39.171943" lon="-106.364383">
    <ele>2941</ele>
   </trkpt>
   <trkpt lat="39.172306" lon="-106.364383">
    <ele>2941</ele>
   </trkpt>
   <trkpt lat="39.172696" lon="-106.364294">
    <ele>2940</ele>
   </trkpt>
   <trkpt lat="39.173058" lon="-106.364069">
    <ele>2938</ele>
   </trkpt>
   <trkpt lat="39.173698" lon="-106.36388">
    <ele>2937</ele>
   </trkpt>
   <trkpt lat="39.173768" lon="-106.363584">
    <ele>2936</ele>
   </trkpt>
   <trkpt lat="39.173705" lon="-106.362623">
    <ele>2933</ele>
   </trkpt>
   <trkpt lat="39.173775" lon="-106.362416">
    <ele>2932</ele>
   </trkpt>
   <trkpt lat="39.174541" lon="-106.362874">
    <ele>2932</ele>
   </trkpt>
   <trkpt lat="39.175042" lon="-106.36335">
    <ele>2932</ele>
   </trkpt>
   <trkpt lat="39.176547" lon="-106.364374">
    <ele>2936</ele>
   </trkpt>
   <trkpt lat="39.178051" lon="-106.36539">
    <ele>2940</ele>
   </trkpt>
   <trkpt lat="39.178608" lon="-106.36556">
    <ele>2940</ele>
   </trkpt>
   <trkpt lat="39.17943" lon="-106.366171">
    <ele>2940</ele>
   </trkpt>
   <trkpt lat="39.180335" lon="-106.367024">
    <ele>2941</ele>
   </trkpt>
   <trkpt lat="39.181484" lon="-106.367887">
    <ele>2941</ele>
   </trkpt>
   <trkpt lat="39.182291" lon="-106.368623">
    <ele>2941</ele>
   </trkpt>
   <trkpt lat="39.183099" lon="-106.369351">
    <ele>2942</ele>
   </trkpt>
   <trkpt lat="39.184596" lon="-106.370708">
    <ele>2941</ele>
   </trkpt>
   <trkpt lat="39.185341" lon="-106.371399">
    <ele>2941</ele>
   </trkpt>
   <trkpt lat="39.186086" lon="-106.372082">
    <ele>2941</ele>
   </trkpt>
   <trkpt lat="39.187291" lon="-106.373223">
    <ele>2939</ele>
   </trkpt>
   <trkpt lat="39.188468" lon="-106.374166">
    <ele>2941</ele>
   </trkpt>
   <trkpt lat="39.189999" lon="-106.375514">
    <ele>2941</ele>
   </trkpt>
   <trkpt lat="39.190132" lon="-106.375621">
    <ele>2941</ele>
   </trkpt>
   <trkpt lat="39.190048" lon="-106.375505">
    <ele>2941</ele>
   </trkpt>
   <trkpt lat="39.19073" lon="-106.376232">
    <ele>2941</ele>
   </trkpt>
   <trkpt lat="39.190995" lon="-106.376448">
    <ele>2940</ele>
   </trkpt>
   <trkpt lat="39.191169" lon="-106.376484">
    <ele>2939</ele>
   </trkpt>
   <trkpt lat="39.191329" lon="-106.376367">
    <ele>2938</ele>
   </trkpt>
   <trkpt lat="39.191552" lon="-106.376448">
    <ele>2938</ele>
   </trkpt>
   <trkpt lat="39.192798" lon="-106.377562">
    <ele>2934</ele>
   </trkpt>
   <trkpt lat="39.192889" lon="-106.377364">
    <ele>2934</ele>
   </trkpt>
   <trkpt lat="39.192896" lon="-106.376762">
    <ele>2934</ele>
   </trkpt>
   <trkpt lat="39.192638" lon="-106.376097">
    <ele>2933</ele>
   </trkpt>
   <trkpt lat="39.192652" lon="-106.374642">
    <ele>2930</ele>
   </trkpt>
   <trkpt lat="39.192617" lon="-106.374049">
    <ele>2930</ele>
   </trkpt>
   <trkpt lat="39.192631" lon="-106.373402">
    <ele>2929</ele>
   </trkpt>
   <trkpt lat="39.192833" lon="-106.372756">
    <ele>2927</ele>
   </trkpt>
   <trkpt lat="39.192951" lon="-106.372199">
    <ele>2926</ele>
   </trkpt>
   <trkpt lat="39.19307" lon="-106.37201">
    <ele>2925</ele>
   </trkpt>
   <trkpt lat="39.193111" lon="-106.371759">
    <ele>2925</ele>
   </trkpt>
   <trkpt lat="39.193522" lon="-106.370959">
    <ele>2923</ele>
   </trkpt>
   <trkpt lat="39.193571" lon="-106.36954">
    <ele>2921</ele>
   </trkpt>
   <trkpt lat="39.193571" lon="-106.367213">
    <ele>2916</ele>
   </trkpt>
   <trkpt lat="39.193564" lon="-106.365937">
    <ele>2914</ele>
   </trkpt>
   <trkpt lat="39.19355" lon="-106.364653">
    <ele>2912</ele>
   </trkpt>
   <trkpt lat="39.19355" lon="-106.36344">
    <ele>2909</ele>
   </trkpt>
   <trkpt lat="39.193543" lon="-106.362227">
    <ele>2906</ele>
   </trkpt>
   <trkpt lat="39.193529" lon="-106.36176">
    <ele>2905</ele>
   </trkpt>
   <trkpt lat="39.193613" lon="-106.361563">
    <ele>2905</ele>
   </trkpt>
   <trkpt lat="39.193787" lon="-106.3615">
    <ele>2905</ele>
   </trkpt>
   <trkpt lat="39.195123" lon="-106.361608">
    <ele>2904</ele>
   </trkpt>
   <trkpt lat="39.197003" lon="-106.361644">
    <ele>2901</ele>
   </trkpt>
   <trkpt lat="39.197964" lon="-106.361653">
    <ele>2899</ele>
   </trkpt>
   <trkpt lat="39.198925" lon="-106.361653">
    <ele>2898</ele>
   </trkpt>
   <trkpt lat="39.199899" lon="-106.361679">
    <ele>2894</ele>
   </trkpt>
   <trkpt lat="39.200867" lon="-106.361697">
    <ele>2892</ele>
   </trkpt>
   <trkpt lat="39.20173" lon="-106.361671">
    <ele>2892</ele>
   </trkpt>
   <trkpt lat="39.201918" lon="-106.361715">
    <ele>2892</ele>
   </trkpt>
   <trkpt lat="39.202384" lon="-106.362147">
    <ele>2892</ele>
   </trkpt>
   <trkpt lat="39.202642" lon="-106.362236">
    <ele>2891</ele>
   </trkpt>
   <trkpt lat="39.204034" lon="-106.362245">
    <ele>2890</ele>
   </trkpt>
   <trkpt lat="39.204953" lon="-106.362192">
    <ele>2890</ele>
   </trkpt>
   <trkpt lat="39.205865" lon="-106.362129">
    <ele>2889</ele>
   </trkpt>
   <trkpt lat="39.207222" lon="-106.362048">
    <ele>2888</ele>
   </trkpt>
   <trkpt lat="39.207577" lon="-106.361886">
    <ele>2887</ele>
   </trkpt>
   <trkpt lat="39.208559" lon="-106.361176">
    <ele>2888</ele>
   </trkpt>
   <trkpt lat="39.208914" lon="-106.361158">
    <ele>2889</ele>
   </trkpt>
   <trkpt lat="39.210598" lon="-106.362039">
    <ele>2892</ele>
   </trkpt>
   <trkpt lat="39.211802" lon="-106.36282">
    <ele>2894</ele>
   </trkpt>
   <trkpt lat="39.211865" lon="-106.363036">
    <ele>2895</ele>
   </trkpt>
   <trkpt lat="39.211823" lon="-106.364446">
    <ele>2896</ele>
   </trkpt>
   <trkpt lat="39.21183" lon="-106.365659">
    <ele>2896</ele>
   </trkpt>
   <trkpt lat="39.21183" lon="-106.366872">
    <ele>2895</ele>
   </trkpt>
   <trkpt lat="39.211886" lon="-106.367554">
    <ele>2894</ele>
   </trkpt>
   <trkpt lat="39.212011" lon="-106.368022">
    <ele>2894</ele>
   </trkpt>
   <trkpt lat="39.212143" lon="-106.368201">
    <ele>2895</ele>
   </trkpt>
   <trkpt lat="39.212373" lon="-106.369423">
    <ele>2894</ele>
   </trkpt>
   <trkpt lat="39.212582" lon="-106.369872">
    <ele>2895</ele>
   </trkpt>
   <trkpt lat="39.212958" lon="-106.369998">
    <ele>2896</ele>
   </trkpt>
   <trkpt lat="39.214461" lon="-106.370815">
    <ele>2898</ele>
   </trkpt>
   <trkpt lat="39.215575" lon="-106.371911">
    <ele>2899</ele>
   </trkpt>
   <trkpt lat="39.215916" lon="-106.372109">
    <ele>2899</ele>
   </trkpt>
   <trkpt lat="39.216104" lon="-106.372145">
    <ele>2899</ele>
   </trkpt>
   <trkpt lat="39.216459" lon="-106.372046">
    <ele>2900</ele>
   </trkpt>
   <trkpt lat="39.216786" lon="-106.372181">
    <ele>2901</ele>
   </trkpt>
   <trkpt lat="39.218038" lon="-106.373034">
    <ele>2902</ele>
   </trkpt>
   <trkpt lat="39.219458" lon="-106.3736">
    <ele>2903</ele>
   </trkpt>
   <trkpt lat="39.220537" lon="-106.373807">
    <ele>2905</ele>
   </trkpt>
   <trkpt lat="39.222235" lon="-106.373843">
    <ele>2907</ele>
   </trkpt>
   <trkpt lat="39.222597" lon="-106.37404">
    <ele>2907</ele>
   </trkpt>
   <trkpt lat="39.22259" lon="-106.375253">
    <ele>2905</ele>
   </trkpt>
   <trkpt lat="39.222576" lon="-106.376466">
    <ele>2904</ele>
   </trkpt>
   <trkpt lat="39.222576" lon="-106.380032">
    <ele>2904</ele>
   </trkpt>
   <trkpt lat="39.222569" lon="-106.381227">
    <ele>2905</ele>
   </trkpt>
   <trkpt lat="39.222569" lon="-106.382395">
    <ele>2907</ele>
   </trkpt>
   <trkpt lat="39.222562" lon="-106.383553">
    <ele>2910</ele>
   </trkpt>
   <trkpt lat="39.222576" lon="-106.384326">
    <ele>2911</ele>
   </trkpt>
   <trkpt lat="39.222694" lon="-106.384973">
    <ele>2914</ele>
   </trkpt>
   <trkpt lat="39.22307" lon="-106.385736">
    <ele>2915</ele>
   </trkpt>
   <trkpt lat="39.223543" lon="-106.386347">
    <ele>2918</ele>
   </trkpt>
   <trkpt lat="39.224016" lon="-106.387129">
    <ele>2922</ele>
   </trkpt>
   <trkpt lat="39.224399" lon="-106.387892">
    <ele>2922</ele>
   </trkpt>
   <trkpt lat="39.224587" lon="-106.388476">
    <ele>2923</ele>
   </trkpt>
   <trkpt lat="39.225325" lon="-106.390003">
    <ele>2926</ele>
   </trkpt>
   <trkpt lat="39.225652" lon="-106.390462">
    <ele>2928</ele>
   </trkpt>
   <trkpt lat="39.225951" lon="-106.390677">
    <ele>2929</ele>
   </trkpt>
   <trkpt lat="39.226724" lon="-106.390273">
    <ele>2935</ele>
   </trkpt>
   <trkpt lat="39.226988" lon="-106.390273">
    <ele>2936</ele>
   </trkpt>
   <trkpt lat="39.227482" lon="-106.390677">
    <ele>2938</ele>
   </trkpt>
   <trkpt lat="39.227684" lon="-106.390956">
    <ele>2940</ele>
   </trkpt>
   <trkpt lat="39.227886" lon="-106.39109">
    <ele>2940</ele>
   </trkpt>
   <trkpt lat="39.228087" lon="-106.391297">
    <ele>2941</ele>
   </trkpt>
   <trkpt lat="39.228241" lon="-106.391548">
    <ele>2943</ele>
   </trkpt>
   <trkpt lat="39.228505" lon="-106.391755">
    <ele>2944</ele>
   </trkpt>
   <trkpt lat="39.228755" lon="-106.391836">
    <ele>2945</ele>
   </trkpt>
   <trkpt lat="39.229229" lon="-106.39171">
    <ele>2949</ele>
   </trkpt>
   <trkpt lat="39.231038" lon="-106.390345">
    <ele>2947</ele>
   </trkpt>
   <trkpt lat="39.23124" lon="-106.389905">
    <ele>2946</ele>
   </trkpt>
   <trkpt lat="39.231511" lon="-106.389563">
    <ele>2946</ele>
   </trkpt>
   <trkpt lat="39.232443" lon="-106.389114">
    <ele>2947</ele>
   </trkpt>
   <trkpt lat="39.232965" lon="-106.389087">
    <ele>2952</ele>
   </trkpt>
   <trkpt lat="39.23332" lon="-106.388845">
    <ele>2951</ele>
   </trkpt>
   <trkpt lat="39.233724" lon="-106.388746">
    <ele>2954</ele>
   </trkpt>
   <trkpt lat="39.235227" lon="-106.387973">
    <ele>2947</ele>
   </trkpt>
   <trkpt lat="39.23538" lon="-106.387847">
    <ele>2948</ele>
   </trkpt>
   <trkpt lat="39.235491" lon="-106.387659">
    <ele>2948</ele>
   </trkpt>
   <trkpt lat="39.235602" lon="-106.386841">
    <ele>2947</ele>
   </trkpt>
   <trkpt lat="39.235686" lon="-106.385665">
    <ele>2944</ele>
   </trkpt>
   <trkpt lat="39.23554" lon="-106.384991">
    <ele>2938</ele>
   </trkpt>
   <trkpt lat="39.235366" lon="-106.384443">
    <ele>2934</ele>
   </trkpt>
   <trkpt lat="39.23531" lon="-106.383868">
    <ele>2932</ele>
   </trkpt>
   <trkpt lat="39.235387" lon="-106.383239">
    <ele>2931</ele>
   </trkpt>
   <trkpt lat="39.235595" lon="-106.382323">
    <ele>2923</ele>
   </trkpt>
   <trkpt lat="39.235707" lon="-106.382404">
    <ele>2922</ele>
   </trkpt>
   <trkpt lat="39.236048" lon="-106.382799">
    <ele>2922</ele>
   </trkpt>
   <trkpt lat="39.236319" lon="-106.38288">
    <ele>2922</ele>
   </trkpt>
   <trkpt lat="39.236535" lon="-106.383131">
    <ele>2925</ele>
   </trkpt>
   <trkpt lat="39.236952" lon="-106.383356">
    <ele>2930</ele>
   </trkpt>
   <trkpt lat="39.237251" lon="-106.383652">
    <ele>2931</ele>
   </trkpt>
   <trkpt lat="39.237578" lon="-106.383733">
    <ele>2934</ele>
   </trkpt>
   <trkpt lat="39.238038" lon="-106.383383">
    <ele>2935</ele>
   </trkpt>
   <trkpt lat="39.238406" lon="-106.38332">
    <ele>2936</ele>
   </trkpt>
   <trkpt lat="39.238497" lon="-106.383365">
    <ele>2936</ele>
   </trkpt>
   <trkpt lat="39.240153" lon="-106.386491">
    <ele>2967</ele>
   </trkpt>
   <trkpt lat="39.240452" lon="-106.387147">
    <ele>2973</ele>
   </trkpt>
   <trkpt lat="39.240264" lon="-106.387515">
    <ele>2976</ele>
   </trkpt>
   <trkpt lat="39.240271" lon="-106.387677">
    <ele>2978</ele>
   </trkpt>
   <trkpt lat="39.240577" lon="-106.387919">
    <ele>2987</ele>
   </trkpt>
   <trkpt lat="39.24105" lon="-106.387874">
    <ele>2995</ele>
   </trkpt>
   <trkpt lat="39.241301" lon="-106.388171">
    <ele>3004</ele>
   </trkpt>
   <trkpt lat="39.24185" lon="-106.389339">
    <ele>3022</ele>
   </trkpt>
   <trkpt lat="39.24279" lon="-106.391108">
    <ele>3058</ele>
   </trkpt>
   <trkpt lat="39.243423" lon="-106.392375">
    <ele>3083</ele>
   </trkpt>
   <trkpt lat="39.243569" lon="-106.392555">
    <ele>3085</ele>
   </trkpt>
   <trkpt lat="39.244063" lon="-106.393435">
    <ele>3089</ele>
   </trkpt>
   <trkpt lat="39.244244" lon="-106.393839">
    <ele>3088</ele>
   </trkpt>
   <trkpt lat="39.244487" lon="-106.394243">
    <ele>3082</ele>
   </trkpt>
   <trkpt lat="39.244821" lon="-106.394935">
    <ele>3073</ele>
   </trkpt>
   <trkpt lat="39.245301" lon="-106.395717">
    <ele>3067</ele>
   </trkpt>
   <trkpt lat="39.246018" lon="-106.39666">
    <ele>3070</ele>
   </trkpt>
   <trkpt lat="39.246567" lon="-106.397136">
    <ele>3080</ele>
   </trkpt>
   <trkpt lat="39.24672" lon="-106.397513">
    <ele>3083</ele>
   </trkpt>
   <trkpt lat="39.247319" lon="-106.397989">
    <ele>3096</ele>
   </trkpt>
   <trkpt lat="39.247325" lon="-106.398178">
    <ele>3100</ele>
   </trkpt>
   <trkpt lat="39.24672" lon="-106.39816">
    <ele>3101</ele>
   </trkpt>
   <trkpt lat="39.2464" lon="-106.398052">
    <ele>3105</ele>
   </trkpt>
   <trkpt lat="39.245892" lon="-106.398133">
    <ele>3110</ele>
   </trkpt>
   <trkpt lat="39.245051" lon="-106.398654">
    <ele>3124</ele>
   </trkpt>
   <trkpt lat="39.244264" lon="-106.398906">
    <ele>3134</ele>
   </trkpt>
   <trkpt lat="39.244174" lon="-106.399454">
    <ele>3140</ele>
   </trkpt>
   <trkpt lat="39.244251" lon="-106.399858">
    <ele>3144</ele>
   </trkpt>
   <trkpt lat="39.244362" lon="-106.400163">
    <ele>3146</ele>
   </trkpt>
   <trkpt lat="39.244717" lon="-106.400639">
    <ele>3152</ele>
   </trkpt>
   <trkpt lat="39.244939" lon="-106.401035">
    <ele>3157</ele>
   </trkpt>
   <trkpt lat="39.245308" lon="-106.401187">
    <ele>3162</ele>
   </trkpt>
   <trkpt lat="39.245885" lon="-106.401107">
    <ele>3168</ele>
   </trkpt>
   <trkpt lat="39.246226" lon="-106.401196">
    <ele>3173</ele>
   </trkpt>
   <trkpt lat="39.246651" lon="-106.401637">
    <ele>3176</ele>
   </trkpt>
   <trkpt lat="39.247242" lon="-106.402041">
    <ele>3182</ele>
   </trkpt>
   <trkpt lat="39.247632" lon="-106.401951">
    <ele>3184</ele>
   </trkpt>
   <trkpt lat="39.248021" lon="-106.401735">
    <ele>3189</ele>
   </trkpt>
   <trkpt lat="39.248334" lon="-106.401735">
    <ele>3193</ele>
   </trkpt>
   <trkpt lat="39.248494" lon="-106.401798">
    <ele>3195</ele>
   </trkpt>
   <trkpt lat="39.248828" lon="-106.402526">
    <ele>3204</ele>
   </trkpt>
   <trkpt lat="39.248856" lon="-106.40275">
    <ele>3204</ele>
   </trkpt>
   <trkpt lat="39.249099" lon="-106.402975">
    <ele>3206</ele>
   </trkpt>
   <trkpt lat="39.249447" lon="-106.403694">
    <ele>3210</ele>
   </trkpt>
   <trkpt lat="39.249788" lon="-106.403927">
    <ele>3213</ele>
   </trkpt>
   <trkpt lat="39.250379" lon="-106.404089">
    <ele>3222</ele>
   </trkpt>
   <trkpt lat="39.250512" lon="-106.404251">
    <ele>3225</ele>
   </trkpt>
   <trkpt lat="39.250484" lon="-106.404619">
    <ele>3226</ele>
   </trkpt>
   <trkpt lat="39.250359" lon="-106.405149">
    <ele>3229</ele>
   </trkpt>
   <trkpt lat="39.250574" lon="-106.405859">
    <ele>3237</ele>
   </trkpt>
   <trkpt lat="39.250553" lon="-106.406254">
    <ele>3243</ele>
   </trkpt>
   <trkpt lat="39.250421" lon="-106.406712">
    <ele>3246</ele>
   </trkpt>
   <trkpt lat="39.250449" lon="-106.407089">
    <ele>3250</ele>
   </trkpt>
   <trkpt lat="39.250609" lon="-106.407332">
    <ele>3254</ele>
   </trkpt>
   <trkpt lat="39.250985" lon="-106.407458">
    <ele>3258</ele>
   </trkpt>
   <trkpt lat="39.251339" lon="-106.407449">
    <ele>3264</ele>
   </trkpt>
   <trkpt lat="39.251465" lon="-106.407718">
    <ele>3265</ele>
   </trkpt>
   <trkpt lat="39.251701" lon="-106.407943">
    <ele>3267</ele>
   </trkpt>
   <trkpt lat="39.251722" lon="-106.408033">
    <ele>3267</ele>
   </trkpt>
   <trkpt lat="39.251659" lon="-106.408203">
    <ele>3267</ele>
   </trkpt>
   <trkpt lat="39.251959" lon="-106.408715">
    <ele>3270</ele>
   </trkpt>
   <trkpt lat="39.252153" lon="-106.409164">
    <ele>3271</ele>
   </trkpt>
   <trkpt lat="39.252432" lon="-106.409524">
    <ele>3268</ele>
   </trkpt>
   <trkpt lat="39.252918" lon="-106.410332">
    <ele>3265</ele>
   </trkpt>
   <trkpt lat="39.253447" lon="-106.410701">
    <ele>3269</ele>
   </trkpt>
   <trkpt lat="39.253878" lon="-106.411159">
    <ele>3274</ele>
   </trkpt>
   <trkpt lat="39.254769" lon="-106.411752">
    <ele>3282</ele>
   </trkpt>
   <trkpt lat="39.255054" lon="-106.412165">
    <ele>3285</ele>
   </trkpt>
   <trkpt lat="39.254964" lon="-106.412785">
    <ele>3284</ele>
   </trkpt>
   <trkpt lat="39.254838" lon="-106.413072">
    <ele>3286</ele>
   </trkpt>
   <trkpt lat="39.254616" lon="-106.413378">
    <ele>3290</ele>
   </trkpt>
   <trkpt lat="39.254498" lon="-106.413854">
    <ele>3298</ele>
   </trkpt>
   <trkpt lat="39.254797" lon="-106.414411">
    <ele>3303</ele>
   </trkpt>
   <trkpt lat="39.25543" lon="-106.415093">
    <ele>3303</ele>
   </trkpt>
   <trkpt lat="39.25559" lon="-106.415399">
    <ele>3304</ele>
   </trkpt>
   <trkpt lat="39.255743" lon="-106.415875">
    <ele>3307</ele>
   </trkpt>
   <trkpt lat="39.25623" lon="-106.416782">
    <ele>3320</ele>
   </trkpt>
   <trkpt lat="39.256278" lon="-106.417195">
    <ele>3326</ele>
   </trkpt>
   <trkpt lat="39.256243" lon="-106.41751">
    <ele>3329</ele>
   </trkpt>
   <trkpt lat="39.256042" lon="-106.417869">
    <ele>3331</ele>
   </trkpt>
   <trkpt lat="39.255979" lon="-106.418085">
    <ele>3333</ele>
   </trkpt>
   <trkpt lat="39.255979" lon="-106.419154">
    <ele>3342</ele>
   </trkpt>
   <trkpt lat="39.256334" lon="-106.419549">
    <ele>3341</ele>
   </trkpt>
   <trkpt lat="39.256369" lon="-106.419639">
    <ele>3341</ele>
   </trkpt>
   <trkpt lat="39.257092" lon="-106.42007">
    <ele>3346</ele>
   </trkpt>
   <trkpt lat="39.257732" lon="-106.420645">
    <ele>3351</ele>
   </trkpt>
   <trkpt lat="39.258365" lon="-106.42078">
    <ele>3359</ele>
   </trkpt>
   <trkpt lat="39.258643" lon="-106.421103">
    <ele>3362</ele>
   </trkpt>
   <trkpt lat="39.258977" lon="-106.421094">
    <ele>3368</ele>
   </trkpt>
   <trkpt lat="39.259151" lon="-106.421193">
    <ele>3371</ele>
   </trkpt>
   <trkpt lat="39.259673" lon="-106.421956">
    <ele>3374</ele>
   </trkpt>
   <trkpt lat="39.259784" lon="-106.422037">
    <ele>3374</ele>
   </trkpt>
   <trkpt lat="39.259867" lon="-106.422181">
    <ele>3375</ele>
   </trkpt>
   <trkpt lat="39.260034" lon="-106.422298">
    <ele>3375</ele>
   </trkpt>
   <trkpt lat="39.260584" lon="-106.423214">
    <ele>3377</ele>
   </trkpt>
   <trkpt lat="39.260883" lon="-106.423942">
    <ele>3377</ele>
   </trkpt>
   <trkpt lat="39.260925" lon="-106.424454">
    <ele>3378</ele>
   </trkpt>
   <trkpt lat="39.260772" lon="-106.425657">
    <ele>3377</ele>
   </trkpt>
   <trkpt lat="39.260473" lon="-106.426538">
    <ele>3382</ele>
   </trkpt>
   <trkpt lat="39.260473" lon="-106.427149">
    <ele>3382</ele>
   </trkpt>
   <trkpt lat="39.260396" lon="-106.427454">
    <ele>3383</ele>
   </trkpt>
   <trkpt lat="39.260222" lon="-106.42776">
    <ele>3387</ele>
   </trkpt>
   <trkpt lat="39.259972" lon="-106.428424">
    <ele>3393</ele>
   </trkpt>
   <trkpt lat="39.259888" lon="-106.428918">
    <ele>3395</ele>
   </trkpt>
   <trkpt lat="39.259965" lon="-106.429377">
    <ele>3392</ele>
   </trkpt>
   <trkpt lat="39.260285" lon="-106.430221">
    <ele>3388</ele>
   </trkpt>
   <trkpt lat="39.260945" lon="-106.431038">
    <ele>3385</ele>
   </trkpt>
   <trkpt lat="39.262128" lon="-106.432089">
    <ele>3376</ele>
   </trkpt>
   <trkpt lat="39.263317" lon="-106.433491">
    <ele>3363</ele>
   </trkpt>
   <trkpt lat="39.26363" lon="-106.434183">
    <ele>3359</ele>
   </trkpt>
   <trkpt lat="39.263595" lon="-106.43491">
    <ele>3359</ele>
   </trkpt>
   <trkpt lat="39.263408" lon="-106.435566">
    <ele>3356</ele>
   </trkpt>
   <trkpt lat="39.263401" lon="-106.435898">
    <ele>3352</ele>
   </trkpt>
   <trkpt lat="39.263088" lon="-106.436868">
    <ele>3352</ele>
   </trkpt>
   <trkpt lat="39.263025" lon="-106.437632">
    <ele>3343</ele>
   </trkpt>
   <trkpt lat="39.263324" lon="-106.438324">
    <ele>3337</ele>
   </trkpt>
   <trkpt lat="39.263387" lon="-106.43871">
    <ele>3334</ele>
   </trkpt>
   <trkpt lat="39.263561" lon="-106.438845">
    <ele>3333</ele>
   </trkpt>
   <trkpt lat="39.263776" lon="-106.438755">
    <ele>3330</ele>
   </trkpt>
   <trkpt lat="39.263999" lon="-106.438432">
    <ele>3327</ele>
   </trkpt>
   <trkpt lat="39.263999" lon="-106.438081">
    <ele>3325</ele>
   </trkpt>
   <trkpt lat="39.263721" lon="-106.437443">
    <ele>3323</ele>
   </trkpt>
   <trkpt lat="39.263721" lon="-106.437102">
    <ele>3321</ele>
   </trkpt>
   <trkpt lat="39.263797" lon="-106.436734">
    <ele>3320</ele>
   </trkpt>
   <trkpt lat="39.264054" lon="-106.436356">
    <ele>3314</ele>
   </trkpt>
   <trkpt lat="39.264228" lon="-106.435764">
    <ele>3311</ele>
   </trkpt>
   <trkpt lat="39.264284" lon="-106.435287">
    <ele>3310</ele>
   </trkpt>
   <trkpt lat="39.264409" lon="-106.435036">
    <ele>3307</ele>
   </trkpt>
   <trkpt lat="39.264534" lon="-106.434982">
    <ele>3307</ele>
   </trkpt>
   <trkpt lat="39.264708" lon="-106.435216">
    <ele>3306</ele>
   </trkpt>
   <trkpt lat="39.264632" lon="-106.435988">
    <ele>3302</ele>
   </trkpt>
   <trkpt lat="39.264764" lon="-106.43624">
    <ele>3299</ele>
   </trkpt>
   <trkpt lat="39.264847" lon="-106.436294">
    <ele>3298</ele>
   </trkpt>
   <trkpt lat="39.264986" lon="-106.435799">
    <ele>3298</ele>
   </trkpt>
   <trkpt lat="39.265327" lon="-106.43562">
    <ele>3296</ele>
   </trkpt>
   <trkpt lat="39.26555" lon="-106.435674">
    <ele>3294</ele>
   </trkpt>
   <trkpt lat="39.266106" lon="-106.436168">
    <ele>3287</ele>
   </trkpt>
   <trkpt lat="39.267643" lon="-106.436599">
    <ele>3273</ele>
   </trkpt>
   <trkpt lat="39.267824" lon="-106.436545">
    <ele>3272</ele>
   </trkpt>
   <trkpt lat="39.267977" lon="-106.436356">
    <ele>3271</ele>
   </trkpt>
   <trkpt lat="39.268172" lon="-106.436294">
    <ele>3268</ele>
   </trkpt>
   <trkpt lat="39.268248" lon="-106.436321">
    <ele>3266</ele>
   </trkpt>
   <trkpt lat="39.268297" lon="-106.436473">
    <ele>3265</ele>
   </trkpt>
   <trkpt lat="39.26822" lon="-106.436698">
    <ele>3265</ele>
   </trkpt>
   <trkpt lat="39.26797" lon="-106.437084">
    <ele>3263</ele>
   </trkpt>
   <trkpt lat="39.267866" lon="-106.437416">
    <ele>3259</ele>
   </trkpt>
   <trkpt lat="39.267615" lon="-106.437857">
    <ele>3255</ele>
   </trkpt>
   <trkpt lat="39.267316" lon="-106.438171">
    <ele>3254</ele>
   </trkpt>
   <trkpt lat="39.267136" lon="-106.438467">
    <ele>3251</ele>
   </trkpt>
   <trkpt lat="39.266878" lon="-106.438755">
    <ele>3249</ele>
   </trkpt>
   <trkpt lat="39.266468" lon="-106.439348">
    <ele>3243</ele>
   </trkpt>
   <trkpt lat="39.266231" lon="-106.439572">
    <ele>3243</ele>
   </trkpt>
   <trkpt lat="39.265849" lon="-106.440057">
    <ele>3237</ele>
   </trkpt>
   <trkpt lat="39.265251" lon="-106.440641">
    <ele>3231</ele>
   </trkpt>
   <trkpt lat="39.265063" lon="-106.440767">
    <ele>3231</ele>
   </trkpt>
   <trkpt lat="39.264764" lon="-106.441082">
    <ele>3226</ele>
   </trkpt>
   <trkpt lat="39.26434" lon="-106.441396">
    <ele>3223</ele>
   </trkpt>
   <trkpt lat="39.263978" lon="-106.441585">
    <ele>3222</ele>
   </trkpt>
   <trkpt lat="39.263519" lon="-106.441953">
    <ele>3215</ele>
   </trkpt>
   <trkpt lat="39.262956" lon="-106.442276">
    <ele>3211</ele>
   </trkpt>
   <trkpt lat="39.262816" lon="-106.442402">
    <ele>3207</ele>
   </trkpt>
   <trkpt lat="39.262135" lon="-106.442752">
    <ele>3206</ele>
   </trkpt>
   <trkpt lat="39.261982" lon="-106.442743">
    <ele>3209</ele>
   </trkpt>
   <trkpt lat="39.261905" lon="-106.442833">
    <ele>3208</ele>
   </trkpt>
   <trkpt lat="39.261919" lon="-106.442932">
    <ele>3205</ele>
   </trkpt>
   <trkpt lat="39.2621" lon="-106.442959">
    <ele>3200</ele>
   </trkpt>
   <trkpt lat="39.262615" lon="-106.442717">
    <ele>3198</ele>
   </trkpt>
   <trkpt lat="39.264361" lon="-106.44207">
    <ele>3189</ele>
   </trkpt>
   <trkpt lat="39.266085" lon="-106.441369">
    <ele>3185</ele>
   </trkpt>
   <trkpt lat="39.266969" lon="-106.440974">
    <ele>3181</ele>
   </trkpt>
   <trkpt lat="39.267845" lon="-106.44057">
    <ele>3180</ele>
   </trkpt>
   <trkpt lat="39.268262" lon="-106.440372">
    <ele>3178</ele>
   </trkpt>
   <trkpt lat="39.269848" lon="-106.43906">
    <ele>3172</ele>
   </trkpt>
   <trkpt lat="39.270328" lon="-106.438593">
    <ele>3170</ele>
   </trkpt>
   <trkpt lat="39.270738" lon="-106.437749">
    <ele>3167</ele>
   </trkpt>
   <trkpt lat="39.270849" lon="-106.437012">
    <ele>3168</ele>
   </trkpt>
   <trkpt lat="39.270849" lon="-106.436545">
    <ele>3166</ele>
   </trkpt>
   <trkpt lat="39.270731" lon="-106.436186">
    <ele>3166</ele>
   </trkpt>
   <trkpt lat="39.270321" lon="-106.43553">
    <ele>3164</ele>
   </trkpt>
   <trkpt lat="39.269994" lon="-106.435126">
    <ele>3165</ele>
   </trkpt>
   <trkpt lat="39.269841" lon="-106.434766">
    <ele>3165</ele>
   </trkpt>
   <trkpt lat="39.269667" lon="-106.4335">
    <ele>3161</ele>
   </trkpt>
   <trkpt lat="39.269653" lon="-106.432566">
    <ele>3150</ele>
   </trkpt>
   <trkpt lat="39.269688" lon="-106.432431">
    <ele>3147</ele>
   </trkpt>
   <trkpt lat="39.269931" lon="-106.432557">
    <ele>3140</ele>
   </trkpt>
   <trkpt lat="39.270237" lon="-106.432934">
    <ele>3134</ele>
   </trkpt>
   <trkpt lat="39.270522" lon="-106.433635">
    <ele>3129</ele>
   </trkpt>
   <trkpt lat="39.270794" lon="-106.434066">
    <ele>3122</ele>
   </trkpt>
   <trkpt lat="39.271051" lon="-106.434263">
    <ele>3118</ele>
   </trkpt>
   <trkpt lat="39.271649" lon="-106.43509">
    <ele>3108</ele>
   </trkpt>
   <trkpt lat="39.272178" lon="-106.436024">
    <ele>3093</ele>
   </trkpt>
   <trkpt lat="39.272233" lon="-106.436312">
    <ele>3091</ele>
   </trkpt>
   <trkpt lat="39.272393" lon="-106.436491">
    <ele>3085</ele>
   </trkpt>
   <trkpt lat="39.272463" lon="-106.436752">
    <ele>3083</ele>
   </trkpt>
   <trkpt lat="39.272463" lon="-106.437111">
    <ele>3083</ele>
   </trkpt>
   <trkpt lat="39.272817" lon="-106.437686">
    <ele>3077</ele>
   </trkpt>
   <trkpt lat="39.273068" lon="-106.437803">
    <ele>3077</ele>
   </trkpt>
   <trkpt lat="39.273304" lon="-106.437857">
    <ele>3073</ele>
   </trkpt>
   <trkpt lat="39.273471" lon="-106.437991">
    <ele>3071</ele>
   </trkpt>
   <trkpt lat="39.273687" lon="-106.438441">
    <ele>3068</ele>
   </trkpt>
   <trkpt lat="39.273812" lon="-106.438441">
    <ele>3066</ele>
   </trkpt>
   <trkpt lat="39.273965" lon="-106.438593">
    <ele>3064</ele>
   </trkpt>
   <trkpt lat="39.273944" lon="-106.439006">
    <ele>3063</ele>
   </trkpt>
   <trkpt lat="39.274062" lon="-106.439132">
    <ele>3062</ele>
   </trkpt>
   <trkpt lat="39.274577" lon="-106.439231">
    <ele>3062</ele>
   </trkpt>
   <trkpt lat="39.274709" lon="-106.439177">
    <ele>3063</ele>
   </trkpt>
   <trkpt lat="39.275091" lon="-106.439267">
    <ele>3067</ele>
   </trkpt>
   <trkpt lat="39.275689" lon="-106.439123">
    <ele>3071</ele>
   </trkpt>
   <trkpt lat="39.276072" lon="-106.438971">
    <ele>3071</ele>
   </trkpt>
   <trkpt lat="39.276844" lon="-106.439366">
    <ele>3075</ele>
   </trkpt>
   <trkpt lat="39.277184" lon="-106.440013">
    <ele>3079</ele>
   </trkpt>
   <trkpt lat="39.27756" lon="-106.440453">
    <ele>3076</ele>
   </trkpt>
   <trkpt lat="39.277873" lon="-106.440992">
    <ele>3077</ele>
   </trkpt>
   <trkpt lat="39.27836" lon="-106.441513">
    <ele>3074</ele>
   </trkpt>
   <trkpt lat="39.278464" lon="-106.44171">
    <ele>3075</ele>
   </trkpt>
   <trkpt lat="39.278874" lon="-106.442124">
    <ele>3071</ele>
   </trkpt>
   <trkpt lat="39.278965" lon="-106.442357">
    <ele>3073</ele>
   </trkpt>
   <trkpt lat="39.278951" lon="-106.442501">
    <ele>3076</ele>
   </trkpt>
   <trkpt lat="39.279368" lon="-106.443139">
    <ele>3074</ele>
   </trkpt>
   <trkpt lat="39.279987" lon="-106.444289">
    <ele>3073</ele>
   </trkpt>
   <trkpt lat="39.279959" lon="-106.44445">
    <ele>3077</ele>
   </trkpt>
   <trkpt lat="39.28023" lon="-106.444792">
    <ele>3072</ele>
   </trkpt>
   <trkpt lat="39.280321" lon="-106.445034">
    <ele>3074</ele>
   </trkpt>
   <trkpt lat="39.280258" lon="-106.445115">
    <ele>3077</ele>
   </trkpt>
   <trkpt lat="39.280501" lon="-106.445456">
    <ele>3078</ele>
   </trkpt>
   <trkpt lat="39.280932" lon="-106.445789">
    <ele>3082</ele>
   </trkpt>
   <trkpt lat="39.281127" lon="-106.446094">
    <ele>3084</ele>
   </trkpt>
   <trkpt lat="39.281085" lon="-106.446337">
    <ele>3088</ele>
   </trkpt>
   <trkpt lat="39.281224" lon="-106.446678">
    <ele>3092</ele>
   </trkpt>
   <trkpt lat="39.281836" lon="-106.447702">
    <ele>3092</ele>
   </trkpt>
   <trkpt lat="39.281829" lon="-106.447801">
    <ele>3093</ele>
   </trkpt>
   <trkpt lat="39.282115" lon="-106.448403">
    <ele>3097</ele>
   </trkpt>
   <trkpt lat="39.282205" lon="-106.448439">
    <ele>3095</ele>
   </trkpt>
   <trkpt lat="39.282407" lon="-106.448861">
    <ele>3096</ele>
   </trkpt>
   <trkpt lat="39.282393" lon="-106.448951">
    <ele>3098</ele>
   </trkpt>
   <trkpt lat="39.282782" lon="-106.4494">
    <ele>3093</ele>
   </trkpt>
   <trkpt lat="39.282824" lon="-106.449553">
    <ele>3094</ele>
   </trkpt>
   <trkpt lat="39.283151" lon="-106.449786">
    <ele>3092</ele>
   </trkpt>
   <trkpt lat="39.283304" lon="-106.449966">
    <ele>3091</ele>
   </trkpt>
   <trkpt lat="39.283825" lon="-106.450289">
    <ele>3087</ele>
   </trkpt>
   <trkpt lat="39.283957" lon="-106.45028">
    <ele>3086</ele>
   </trkpt>
   <trkpt lat="39.284277" lon="-106.449966">
    <ele>3081</ele>
   </trkpt>
   <trkpt lat="39.284207" lon="-106.449418">
    <ele>3076</ele>
   </trkpt>
   <trkpt lat="39.284374" lon="-106.449148">
    <ele>3074</ele>
   </trkpt>
   <trkpt lat="39.2845795" lon="-106.4490441">
    <ele>3073</ele>
   </trkpt>
   <trkpt lat="39.2846848" lon="-106.4489445">
    <ele>3071</ele>
   </trkpt>
   <trkpt lat="39.284635" lon="-106.4484295">
    <ele>3066</ele>
   </trkpt>
   <trkpt lat="39.2846539" lon="-106.4482433">
    <ele>3064</ele>
   </trkpt>
   <trkpt lat="39.284812" lon="-106.447828">
    <ele>3064</ele>
   </trkpt>
   <trkpt lat="39.284896" lon="-106.447505">
    <ele>3061</ele>
   </trkpt>
   <trkpt lat="39.284861" lon="-106.447271">
    <ele>3059</ele>
   </trkpt>
   <trkpt lat="39.2849292" lon="-106.4470452">
    <ele>3059</ele>
   </trkpt>
   <trkpt lat="39.2848924" lon="-106.4469275">
    <ele>3059</ele>
   </trkpt>
   <trkpt lat="39.2847932" lon="-106.4463957">
    <ele>3060</ele>
   </trkpt>
   <trkpt lat="39.284381" lon="-106.445995">
    <ele>3056</ele>
   </trkpt>
   <trkpt lat="39.284138" lon="-106.446058">
    <ele>3054</ele>
   </trkpt>
   <trkpt lat="39.283714" lon="-106.445825">
    <ele>3051</ele>
   </trkpt>
   <trkpt lat="39.283554" lon="-106.445358">
    <ele>3049</ele>
   </trkpt>
   <trkpt lat="39.282852" lon="-106.444163">
    <ele>3043</ele>
   </trkpt>
   <trkpt lat="39.282546" lon="-106.443552">
    <ele>3039</ele>
   </trkpt>
   <trkpt lat="39.282274" lon="-106.443139">
    <ele>3037</ele>
   </trkpt>
   <trkpt lat="39.281725" lon="-106.442842">
    <ele>3032</ele>
   </trkpt>
   <trkpt lat="39.281565" lon="-106.4426">
    <ele>3031</ele>
   </trkpt>
   <trkpt lat="39.281322" lon="-106.441594">
    <ele>3030</ele>
   </trkpt>
   <trkpt lat="39.2813901" lon="-106.4408684">
    <ele>3031</ele>
   </trkpt>
   <trkpt lat="39.2813687" lon="-106.4405702">
    <ele>3032</ele>
   </trkpt>
   <trkpt lat="39.281308" lon="-106.440183">
    <ele>3030</ele>
   </trkpt>
   <trkpt lat="39.280926" lon="-106.439833">
    <ele>3024</ele>
   </trkpt>
   <trkpt lat="39.280849" lon="-106.439447">
    <ele>3024</ele>
   </trkpt>
   <trkpt lat="39.280515" lon="-106.438602">
    <ele>3022</ele>
   </trkpt>
   <trkpt lat="39.280265" lon="-106.438162">
    <ele>3021</ele>
   </trkpt>
   <trkpt lat="39.279771" lon="-106.436383">
    <ele>3018</ele>
   </trkpt>
   <trkpt lat="39.279333" lon="-106.435108">
    <ele>3015</ele>
   </trkpt>
   <trkpt lat="39.279138" lon="-106.434686">
    <ele>3015</ele>
   </trkpt>
   <trkpt lat="39.278965" lon="-106.434515">
    <ele>3014</ele>
   </trkpt>
   <trkpt lat="39.278693" lon="-106.433563">
    <ele>3013</ele>
   </trkpt>
   <trkpt lat="39.277859" lon="-106.431308">
    <ele>3011</ele>
   </trkpt>
   <trkpt lat="39.277803" lon="-106.431074">
    <ele>3011</ele>
   </trkpt>
   <trkpt lat="39.277998" lon="-106.430706">
    <ele>3014</ele>
   </trkpt>
   <trkpt lat="39.277977" lon="-106.429987">
    <ele>3016</ele>
   </trkpt>
   <trkpt lat="39.278054" lon="-106.4297">
    <ele>3013</ele>
   </trkpt>
   <trkpt lat="39.278054" lon="-106.429386">
    <ele>3013</ele>
   </trkpt>
   <trkpt lat="39.278151" lon="-106.429215">
    <ele>3014</ele>
   </trkpt>
   <trkpt lat="39.278297" lon="-106.428263">
    <ele>3013</ele>
   </trkpt>
   <trkpt lat="39.278276" lon="-106.427984">
    <ele>3013</ele>
   </trkpt>
   <trkpt lat="39.2782" lon="-106.427751">
    <ele>3013</ele>
   </trkpt>
   <trkpt lat="39.278318" lon="-106.42678">
    <ele>3019</ele>
   </trkpt>
   <trkpt lat="39.278075" lon="-106.425972">
    <ele>3025</ele>
   </trkpt>
   <trkpt lat="39.278019" lon="-106.425873">
    <ele>3026</ele>
   </trkpt>
   <trkpt lat="39.277977" lon="-106.425451">
    <ele>3030</ele>
   </trkpt>
   <trkpt lat="39.278005" lon="-106.425145">
    <ele>3030</ele>
   </trkpt>
   <trkpt lat="39.278228" lon="-106.424669">
    <ele>3035</ele>
   </trkpt>
   <trkpt lat="39.278193" lon="-106.424085">
    <ele>3025</ele>
   </trkpt>
   <trkpt lat="39.278255" lon="-106.423807">
    <ele>3026</ele>
   </trkpt>
   <trkpt lat="39.278207" lon="-106.423699">
    <ele>3026</ele>
   </trkpt>
   <trkpt lat="39.278144" lon="-106.422792">
    <ele>3029</ele>
   </trkpt>
   <trkpt lat="39.277755" lon="-106.42184">
    <ele>3020</ele>
   </trkpt>
   <trkpt lat="39.277567" lon="-106.421588">
    <ele>3015</ele>
   </trkpt>
   <trkpt lat="39.277477" lon="-106.42113">
    <ele>3014</ele>
   </trkpt>
   <trkpt lat="39.277393" lon="-106.42095">
    <ele>3014</ele>
   </trkpt>
   <trkpt lat="39.277351" lon="-106.420717">
    <ele>3015</ele>
   </trkpt>
   <trkpt lat="39.277087" lon="-106.42025">
    <ele>3014</ele>
   </trkpt>
   <trkpt lat="39.276878" lon="-106.419612">
    <ele>3014</ele>
   </trkpt>
   <trkpt lat="39.276837" lon="-106.418561">
    <ele>3016</ele>
   </trkpt>
   <trkpt lat="39.276906" lon="-106.417357">
    <ele>3020</ele>
   </trkpt>
   <trkpt lat="39.276969" lon="-106.416144">
    <ele>3015</ele>
   </trkpt>
   <trkpt lat="39.276962" lon="-106.416037">
    <ele>3015</ele>
   </trkpt>
   <trkpt lat="39.277094" lon="-106.415542">
    <ele>3017</ele>
   </trkpt>
   <trkpt lat="39.277226" lon="-106.413701">
    <ele>3014</ele>
   </trkpt>
   <trkpt lat="39.277164" lon="-106.413144">
    <ele>3014</ele>
   </trkpt>
   <trkpt lat="39.277275" lon="-106.412479">
    <ele>3017</ele>
   </trkpt>
   <trkpt lat="39.277122" lon="-106.411141">
    <ele>3015</ele>
   </trkpt>
   <trkpt lat="39.277115" lon="-106.410602">
    <ele>3016</ele>
   </trkpt>
   <trkpt lat="39.276955" lon="-106.409344">
    <ele>3018</ele>
   </trkpt>
   <trkpt lat="39.276885" lon="-106.40912">
    <ele>3016</ele>
   </trkpt>
   <trkpt lat="39.276892" lon="-106.408455">
    <ele>3016</ele>
   </trkpt>
   <trkpt lat="39.276934" lon="-106.408239">
    <ele>3018</ele>
   </trkpt>
   <trkpt lat="39.276809" lon="-106.407538">
    <ele>3012</ele>
   </trkpt>
   <trkpt lat="39.276872" lon="-106.406955">
    <ele>3017</ele>
   </trkpt>
   <trkpt lat="39.276823" lon="-106.406469">
    <ele>3018</ele>
   </trkpt>
   <trkpt lat="39.276413" lon="-106.404906">
    <ele>3015</ele>
   </trkpt>
   <trkpt lat="39.276378" lon="-106.404152">
    <ele>3019</ele>
   </trkpt>
   <trkpt lat="39.276253" lon="-106.403541">
    <ele>3022</ele>
   </trkpt>
   <trkpt lat="39.275759" lon="-106.40231">
    <ele>3015</ele>
   </trkpt>
   <trkpt lat="39.275481" lon="-106.400289">
    <ele>3019</ele>
   </trkpt>
   <trkpt lat="39.275168" lon="-106.399004">
    <ele>3016</ele>
   </trkpt>
   <trkpt lat="39.275168" lon="-106.39745">
    <ele>3015</ele>
   </trkpt>
   <trkpt lat="39.27539" lon="-106.39666">
    <ele>3018</ele>
   </trkpt>
   <trkpt lat="39.275404" lon="-106.396157">
    <ele>3019</ele>
   </trkpt>
   <trkpt lat="39.275529" lon="-106.396049">
    <ele>3021</ele>
   </trkpt>
   <trkpt lat="39.275467" lon="-106.395438">
    <ele>3021</ele>
   </trkpt>
   <trkpt lat="39.275509" lon="-106.395088">
    <ele>3024</ele>
   </trkpt>
   <trkpt lat="39.275425" lon="-106.394603">
    <ele>3024</ele>
   </trkpt>
   <trkpt lat="39.275446" lon="-106.394118">
    <ele>3025</ele>
   </trkpt>
   <trkpt lat="39.275321" lon="-106.393767">
    <ele>3026</ele>
   </trkpt>
   <trkpt lat="39.274945" lon="-106.392007">
    <ele>3018</ele>
   </trkpt>
   <trkpt lat="39.274862" lon="-106.390929">
    <ele>3017</ele>
   </trkpt>
   <trkpt lat="39.274869" lon="-106.390569">
    <ele>3019</ele>
   </trkpt>
   <trkpt lat="39.274702" lon="-106.38986">
    <ele>3016</ele>
   </trkpt>
   <trkpt lat="39.274709" lon="-106.389276">
    <ele>3018</ele>
   </trkpt>
   <trkpt lat="39.274632" lon="-106.389069">
    <ele>3016</ele>
   </trkpt>
   <trkpt lat="39.274591" lon="-106.388566">
    <ele>3016</ele>
   </trkpt>
   <trkpt lat="39.274639" lon="-106.388207">
    <ele>3018</ele>
   </trkpt>
   <trkpt lat="39.274577" lon="-106.387515">
    <ele>3018</ele>
   </trkpt>
   <trkpt lat="39.274445" lon="-106.386967">
    <ele>3015</ele>
   </trkpt>
   <trkpt lat="39.274486" lon="-106.386329">
    <ele>3016</ele>
   </trkpt>
   <trkpt lat="39.274591" lon="-106.386087">
    <ele>3018</ele>
   </trkpt>
   <trkpt lat="39.274605" lon="-106.385476">
    <ele>3016</ele>
   </trkpt>
   <trkpt lat="39.274688" lon="-106.385152">
    <ele>3016</ele>
   </trkpt>
   <trkpt lat="39.274709" lon="-106.38491">
    <ele>3015</ele>
   </trkpt>
   <trkpt lat="39.274778" lon="-106.384703">
    <ele>3015</ele>
   </trkpt>
   <trkpt lat="39.274785" lon="-106.384461">
    <ele>3013</ele>
   </trkpt>
   <trkpt lat="39.274938" lon="-106.384155">
    <ele>3014</ele>
   </trkpt>
   <trkpt lat="39.275272" lon="-106.38367">
    <ele>3016</ele>
   </trkpt>
   <trkpt lat="39.275265" lon="-106.383329">
    <ele>3013</ele>
   </trkpt>
   <trkpt lat="39.275418" lon="-106.382781">
    <ele>3019</ele>
   </trkpt>
   <trkpt lat="39.27539" lon="-106.382511">
    <ele>3018</ele>
   </trkpt>
   <trkpt lat="39.275481" lon="-106.382251">
    <ele>3023</ele>
   </trkpt>
   <trkpt lat="39.27571" lon="-106.381047">
    <ele>3028</ele>
   </trkpt>
   <trkpt lat="39.275759" lon="-106.379879">
    <ele>3029</ele>
   </trkpt>
   <trkpt lat="39.275738" lon="-106.379538">
    <ele>3028</ele>
   </trkpt>
   <trkpt lat="39.275849" lon="-106.378846">
    <ele>3033</ele>
   </trkpt>
   <trkpt lat="39.275884" lon="-106.377723">
    <ele>3029</ele>
   </trkpt>
   <trkpt lat="39.275863" lon="-106.377472">
    <ele>3026</ele>
   </trkpt>
   <trkpt lat="39.275919" lon="-106.376897">
    <ele>3023</ele>
   </trkpt>
   <trkpt lat="39.275912" lon="-106.376349">
    <ele>3020</ele>
   </trkpt>
   <trkpt lat="39.275856" lon="-106.376044">
    <ele>3017</ele>
   </trkpt>
   <trkpt lat="39.275912" lon="-106.375505">
    <ele>3016</ele>
   </trkpt>
   <trkpt lat="39.276023" lon="-106.374984">
    <ele>3018</ele>
   </trkpt>
   <trkpt lat="39.275961" lon="-106.374552">
    <ele>3016</ele>
   </trkpt>
   <trkpt lat="39.276009" lon="-106.373798">
    <ele>3021</ele>
   </trkpt>
   <trkpt lat="39.275919" lon="-106.373232">
    <ele>3017</ele>
   </trkpt>
   <trkpt lat="39.276141" lon="-106.371498">
    <ele>3016</ele>
   </trkpt>
   <trkpt lat="39.276162" lon="-106.370735">
    <ele>3014</ele>
   </trkpt>
   <trkpt lat="39.27628" lon="-106.370303">
    <ele>3017</ele>
   </trkpt>
   <trkpt lat="39.276336" lon="-106.368058">
    <ele>3015</ele>
   </trkpt>
   <trkpt lat="39.27628" lon="-106.367545">
    <ele>3013</ele>
   </trkpt>
   <trkpt lat="39.276329" lon="-106.367456">
    <ele>3014</ele>
   </trkpt>
   <trkpt lat="39.276315" lon="-106.367024">
    <ele>3014</ele>
   </trkpt>
   <trkpt lat="39.27644" lon="-106.366405">
    <ele>3015</ele>
   </trkpt>
   <trkpt lat="39.276468" lon="-106.366">
    <ele>3016</ele>
   </trkpt>
   <trkpt lat="39.276426" lon="-106.365973">
    <ele>3015</ele>
   </trkpt>
   <trkpt lat="39.276552" lon="-106.365318">
    <ele>3016</ele>
   </trkpt>
   <trkpt lat="39.276586" lon="-106.364347">
    <ele>3014</ele>
   </trkpt>
   <trkpt lat="39.276475" lon="-106.363826">
    <ele>3012</ele>
   </trkpt>
   <trkpt lat="39.276517" lon="-106.362452">
    <ele>3015</ele>
   </trkpt>
   <trkpt lat="39.27644" lon="-106.362093">
    <ele>3015</ele>
   </trkpt>
   <trkpt lat="39.276378" lon="-106.361293">
    <ele>3017</ele>
   </trkpt>
   <trkpt lat="39.276023" lon="-106.360458">
    <ele>3014</ele>
   </trkpt>
   <trkpt lat="39.275648" lon="-106.358976">
    <ele>3015</ele>
   </trkpt>
   <trkpt lat="39.27555" lon="-106.358392">
    <ele>3013</ele>
   </trkpt>
   <trkpt lat="39.275342" lon="-106.358275">
    <ele>3010</ele>
   </trkpt>
   <trkpt lat="39.274876" lon="-106.357736">
    <ele>3010</ele>
   </trkpt>
   <trkpt lat="39.274528" lon="-106.357179">
    <ele>3011</ele>
   </trkpt>
   <trkpt lat="39.274424" lon="-106.35682">
    <ele>3012</ele>
   </trkpt>
   <trkpt lat="39.27402" lon="-106.356218">
    <ele>3010</ele>
   </trkpt>
   <trkpt lat="39.273561" lon="-106.355966">
    <ele>3010</ele>
   </trkpt>
   <trkpt lat="39.273235" lon="-106.355733">
    <ele>3010</ele>
   </trkpt>
   <trkpt lat="39.27256" lon="-106.355077">
    <ele>3010</ele>
   </trkpt>
   <trkpt lat="39.272233" lon="-106.354834">
    <ele>3009</ele>
   </trkpt>
   <trkpt lat="39.271934" lon="-106.354547">
    <ele>3010</ele>
   </trkpt>
   <trkpt lat="39.271607" lon="-106.354331">
    <ele>3010</ele>
   </trkpt>
   <trkpt lat="39.270954" lon="-106.354376">
    <ele>3010</ele>
   </trkpt>
   <trkpt lat="39.270599" lon="-106.354197">
    <ele>3011</ele>
   </trkpt>
   <trkpt lat="39.270335" lon="-106.353927">
    <ele>3010</ele>
   </trkpt>
   <trkpt lat="39.270154" lon="-106.353181">
    <ele>3011</ele>
   </trkpt>
   <trkpt lat="39.269973" lon="-106.353038">
    <ele>3009</ele>
   </trkpt>
   <trkpt lat="39.269667" lon="-106.353253">
    <ele>3010</ele>
   </trkpt>
   <trkpt lat="39.269271" lon="-106.35319">
    <ele>3010</ele>
   </trkpt>
   <trkpt lat="39.268972" lon="-106.353307">
    <ele>3010</ele>
   </trkpt>
   <trkpt lat="39.268784" lon="-106.353307">
    <ele>3010</ele>
   </trkpt>
   <trkpt lat="39.268596" lon="-106.353388">
    <ele>3011</ele>
   </trkpt>
   <trkpt lat="39.268318" lon="-106.353307">
    <ele>3011</ele>
   </trkpt>
   <trkpt lat="39.268172" lon="-106.353163">
    <ele>3011</ele>
   </trkpt>
   <trkpt lat="39.267671" lon="-106.35302">
    <ele>3010</ele>
   </trkpt>
   <trkpt lat="39.267476" lon="-106.353137">
    <ele>3009</ele>
   </trkpt>
   <trkpt lat="39.26724" lon="-106.353208">
    <ele>3010</ele>
   </trkpt>
   <trkpt lat="39.266523" lon="-106.353774">
    <ele>3010</ele>
   </trkpt>
   <trkpt lat="39.266099" lon="-106.353936">
    <ele>3010</ele>
   </trkpt>
   <trkpt lat="39.265974" lon="-106.353918">
    <ele>3011</ele>
   </trkpt>
   <trkpt lat="39.265515" lon="-106.354214">
    <ele>3010</ele>
   </trkpt>
   <trkpt lat="39.265265" lon="-106.354484">
    <ele>3011</ele>
   </trkpt>
   <trkpt lat="39.264514" lon="-106.354798">
    <ele>3011</ele>
   </trkpt>
   <trkpt lat="39.264207" lon="-106.355292">
    <ele>3011</ele>
   </trkpt>
   <trkpt lat="39.263895" lon="-106.355508">
    <ele>3011</ele>
   </trkpt>
   <trkpt lat="39.263477" lon="-106.355598">
    <ele>3010</ele>
   </trkpt>
   <trkpt lat="39.263289" lon="-106.355463">
    <ele>3010</ele>
   </trkpt>
   <trkpt lat="39.263088" lon="-106.355562">
    <ele>3010</ele>
   </trkpt>
   <trkpt lat="39.262935" lon="-106.355571">
    <ele>3010</ele>
   </trkpt>
   <trkpt lat="39.262851" lon="-106.355706">
    <ele>3010</ele>
   </trkpt>
   <trkpt lat="39.262796" lon="-106.356074">
    <ele>3010</ele>
   </trkpt>
   <trkpt lat="39.26249" lon="-106.356856">
    <ele>3011</ele>
   </trkpt>
   <trkpt lat="39.262406" lon="-106.356954">
    <ele>3012</ele>
   </trkpt>
   <trkpt lat="39.262399" lon="-106.35726">
    <ele>3010</ele>
   </trkpt>
   <trkpt lat="39.262135" lon="-106.357646">
    <ele>3010</ele>
   </trkpt>
   <trkpt lat="39.261405" lon="-106.357951">
    <ele>3013</ele>
   </trkpt>
   <trkpt lat="39.260959" lon="-106.358428">
    <ele>3013</ele>
   </trkpt>
   <trkpt lat="39.260723" lon="-106.358437">
    <ele>3011</ele>
   </trkpt>
   <trkpt lat="39.260688" lon="-106.358158">
    <ele>3011</ele>
   </trkpt>
   <trkpt lat="39.260403" lon="-106.35779">
    <ele>3010</ele>
   </trkpt>
   <trkpt lat="39.260319" lon="-106.357763">
    <ele>3010</ele>
   </trkpt>
   <trkpt lat="39.260166" lon="-106.358005">
    <ele>3011</ele>
   </trkpt>
   <trkpt lat="39.260006" lon="-106.358149">
    <ele>3010</ele>
   </trkpt>
   <trkpt lat="39.259805" lon="-106.358221">
    <ele>3011</ele>
   </trkpt>
   <trkpt lat="39.259506" lon="-106.358607">
    <ele>3010</ele>
   </trkpt>
   <trkpt lat="39.259415" lon="-106.358958">
    <ele>3010</ele>
   </trkpt>
   <trkpt lat="39.259151" lon="-106.35938">
    <ele>3010</ele>
   </trkpt>
   <trkpt lat="39.258963" lon="-106.359919">
    <ele>3010</ele>
   </trkpt>
   <trkpt lat="39.258379" lon="-106.360485">
    <ele>3011</ele>
   </trkpt>
   <trkpt lat="39.258024" lon="-106.360691">
    <ele>3011</ele>
   </trkpt>
   <trkpt lat="39.257829" lon="-106.360664">
    <ele>3012</ele>
   </trkpt>
   <trkpt lat="39.257586" lon="-106.36079">
    <ele>3014</ele>
   </trkpt>
   <trkpt lat="39.257537" lon="-106.360907">
    <ele>3013</ele>
   </trkpt>
   <trkpt lat="39.257384" lon="-106.360988">
    <ele>3014</ele>
   </trkpt>
   <trkpt lat="39.257315" lon="-106.361114">
    <ele>3014</ele>
   </trkpt>
   <trkpt lat="39.257336" lon="-106.361158">
    <ele>3013</ele>
   </trkpt>
   <trkpt lat="39.257148" lon="-106.361635">
    <ele>3011</ele>
   </trkpt>
   <trkpt lat="39.2568" lon="-106.361931">
    <ele>3013</ele>
   </trkpt>
   <trkpt lat="39.256508" lon="-106.362443">
    <ele>3012</ele>
   </trkpt>
   <trkpt lat="39.256153" lon="-106.362722">
    <ele>3012</ele>
   </trkpt>
   <trkpt lat="39.255972" lon="-106.363296">
    <ele>3011</ele>
   </trkpt>
   <trkpt lat="39.255715" lon="-106.3638">
    <ele>3013</ele>
   </trkpt>
   <trkpt lat="39.255597" lon="-106.363925">
    <ele>3014</ele>
   </trkpt>
   <trkpt lat="39.255464" lon="-106.364321">
    <ele>3012</ele>
   </trkpt>
   <trkpt lat="39.255291" lon="-106.364527">
    <ele>3015</ele>
   </trkpt>
   <trkpt lat="39.254984" lon="-106.365084">
    <ele>3015</ele>
   </trkpt>
   <trkpt lat="39.25424" lon="-106.365704">
    <ele>3014</ele>
   </trkpt>
   <trkpt lat="39.253913" lon="-106.365857">
    <ele>3016</ele>
   </trkpt>
   <trkpt lat="39.253621" lon="-106.366459">
    <ele>3013</ele>
   </trkpt>
   <trkpt lat="39.253364" lon="-106.366782">
    <ele>3011</ele>
   </trkpt>
   <trkpt lat="39.252731" lon="-106.366881">
    <ele>3012</ele>
   </trkpt>
   <trkpt lat="39.252348" lon="-106.367177">
    <ele>3015</ele>
   </trkpt>
   <trkpt lat="39.252112" lon="-106.366917">
    <ele>3017</ele>
   </trkpt>
   <trkpt lat="39.251938" lon="-106.366387">
    <ele>3015</ele>
   </trkpt>
   <trkpt lat="39.251743" lon="-106.366512">
    <ele>3013</ele>
   </trkpt>
   <trkpt lat="39.251019" lon="-106.367222">
    <ele>3014</ele>
   </trkpt>
   <trkpt lat="39.250818" lon="-106.367321">
    <ele>3013</ele>
   </trkpt>
   <trkpt lat="39.250296" lon="-106.36795">
    <ele>2995</ele>
   </trkpt>
   <trkpt lat="39.250115" lon="-106.368093">
    <ele>2990</ele>
   </trkpt>
   <trkpt lat="39.250004" lon="-106.368291">
    <ele>2988</ele>
   </trkpt>
   <trkpt lat="39.2496" lon="-106.368776">
    <ele>2978</ele>
   </trkpt>
   <trkpt lat="39.249176" lon="-106.368965">
    <ele>2970</ele>
   </trkpt>
   <trkpt lat="39.248946" lon="-106.369144">
    <ele>2966</ele>
   </trkpt>
   <trkpt lat="39.2488" lon="-106.369207">
    <ele>2964</ele>
   </trkpt>
   <trkpt lat="39.248745" lon="-106.369144">
    <ele>2963</ele>
   </trkpt>
   <trkpt lat="39.248578" lon="-106.368147">
    <ele>2964</ele>
   </trkpt>
   <trkpt lat="39.248195" lon="-106.36751">
    <ele>2961</ele>
   </trkpt>
   <trkpt lat="39.24775" lon="-106.36689">
    <ele>2961</ele>
   </trkpt>
   <trkpt lat="39.247395" lon="-106.366063">
    <ele>2958</ele>
   </trkpt>
   <trkpt lat="39.247305" lon="-106.364922">
    <ele>2957</ele>
   </trkpt>
   <trkpt lat="39.247353" lon="-106.364599">
    <ele>2957</ele>
   </trkpt>
   <trkpt lat="39.247298" lon="-106.364123">
    <ele>2954</ele>
   </trkpt>
   <trkpt lat="39.247444" lon="-106.363773">
    <ele>2955</ele>
   </trkpt>
   <trkpt lat="39.247625" lon="-106.361383">
    <ele>2953</ele>
   </trkpt>
   <trkpt lat="39.247722" lon="-106.359892">
    <ele>2955</ele>
   </trkpt>
   <trkpt lat="39.247938" lon="-106.357763">
    <ele>2955</ele>
   </trkpt>
   <trkpt lat="39.248056" lon="-106.357296">
    <ele>2955</ele>
   </trkpt>
   <trkpt lat="39.248098" lon="-106.35567">
    <ele>2952</ele>
   </trkpt>
   <trkpt lat="39.24823" lon="-106.354798">
    <ele>2951</ele>
   </trkpt>
   <trkpt lat="39.248327" lon="-106.354439">
    <ele>2950</ele>
   </trkpt>
   <trkpt lat="39.248369" lon="-106.353469">
    <ele>2950</ele>
   </trkpt>
   <trkpt lat="39.248473" lon="-106.352391">
    <ele>2950</ele>
   </trkpt>
   <trkpt lat="39.248522" lon="-106.351466">
    <ele>2949</ele>
   </trkpt>
   <trkpt lat="39.248612" lon="-106.351007">
    <ele>2950</ele>
   </trkpt>
   <trkpt lat="39.24871" lon="-106.349804">
    <ele>2949</ele>
   </trkpt>
   <trkpt lat="39.2488" lon="-106.3486">
    <ele>2950</ele>
   </trkpt>
   <trkpt lat="39.248891" lon="-106.347558">
    <ele>2950</ele>
   </trkpt>
   <trkpt lat="39.248821" lon="-106.346363">
    <ele>2950</ele>
   </trkpt>
   <trkpt lat="39.248564" lon="-106.345088">
    <ele>2953</ele>
   </trkpt>
   <trkpt lat="39.248146" lon="-106.34524">
    <ele>2952</ele>
   </trkpt>
   <trkpt lat="39.247562" lon="-106.345645">
    <ele>2951</ele>
   </trkpt>
   <trkpt lat="39.246852" lon="-106.345806">
    <ele>2949</ele>
   </trkpt>
   <trkpt lat="39.245273" lon="-106.346525">
    <ele>2947</ele>
   </trkpt>
   <trkpt lat="39.244849" lon="-106.346857">
    <ele>2946</ele>
   </trkpt>
   <trkpt lat="39.244466" lon="-106.346947">
    <ele>2945</ele>
   </trkpt>
   <trkpt lat="39.244" lon="-106.347235">
    <ele>2944</ele>
   </trkpt>
   <trkpt lat="39.243409" lon="-106.347396">
    <ele>2944</ele>
   </trkpt>
   <trkpt lat="39.242873" lon="-106.347783">
    <ele>2942</ele>
   </trkpt>
   <trkpt lat="39.241732" lon="-106.348196">
    <ele>2941</ele>
   </trkpt>
   <trkpt lat="39.240153" lon="-106.349058">
    <ele>2939</ele>
   </trkpt>
   <trkpt lat="39.23968" lon="-106.349247">
    <ele>2938</ele>
   </trkpt>
   <trkpt lat="39.23936" lon="-106.349462">
    <ele>2937</ele>
   </trkpt>
   <trkpt lat="39.238379" lon="-106.349768">
    <ele>2938</ele>
   </trkpt>
   <trkpt lat="39.238093" lon="-106.349714">
    <ele>2937</ele>
   </trkpt>
   <trkpt lat="39.238086" lon="-106.349552">
    <ele>2939</ele>
   </trkpt>
   <trkpt lat="39.238532" lon="-106.348492">
    <ele>2955</ele>
   </trkpt>
   <trkpt lat="39.238685" lon="-106.347944">
    <ele>2958</ele>
   </trkpt>
   <trkpt lat="39.238886" lon="-106.347558">
    <ele>2960</ele>
   </trkpt>
   <trkpt lat="39.2389" lon="-106.347001">
    <ele>2961</ele>
   </trkpt>
   <trkpt lat="39.239102" lon="-106.346525">
    <ele>2965</ele>
   </trkpt>
   <trkpt lat="39.239464" lon="-106.343758">
    <ele>2972</ele>
   </trkpt>
   <trkpt lat="39.239547" lon="-106.341836">
    <ele>2974</ele>
   </trkpt>
   <trkpt lat="39.239784" lon="-106.339527">
    <ele>2976</ele>
   </trkpt>
   <trkpt lat="39.239881" lon="-106.338341">
    <ele>2977</ele>
   </trkpt>
   <trkpt lat="39.239972" lon="-106.337146">
    <ele>2977</ele>
   </trkpt>
   <trkpt lat="39.240194" lon="-106.334955">
    <ele>2978</ele>
   </trkpt>
   <trkpt lat="39.240431" lon="-106.334128">
    <ele>2973</ele>
   </trkpt>
   <trkpt lat="39.240814" lon="-106.333005">
    <ele>2974</ele>
   </trkpt>
   <trkpt lat="39.241189" lon="-106.331873">
    <ele>2977</ele>
   </trkpt>
   <trkpt lat="39.241955" lon="-106.329708">
    <ele>2984</ele>
   </trkpt>
   <trkpt lat="39.242122" lon="-106.328568">
    <ele>2986</ele>
   </trkpt>
   <trkpt lat="39.242052" lon="-106.326295">
    <ele>2996</ele>
   </trkpt>
   <trkpt lat="39.24217" lon="-106.325783">
    <ele>2999</ele>
   </trkpt>
   <trkpt lat="39.242282" lon="-106.324166">
    <ele>3001</ele>
   </trkpt>
   <trkpt lat="39.242205" lon="-106.323169">
    <ele>3003</ele>
   </trkpt>
   <trkpt lat="39.24192" lon="-106.321228">
    <ele>3005</ele>
   </trkpt>
   <trkpt lat="39.241829" lon="-106.320141">
    <ele>3007</ele>
   </trkpt>
   <trkpt lat="39.241976" lon="-106.319252">
    <ele>3007</ele>
   </trkpt>
   <trkpt lat="39.24208" lon="-106.318201">
    <ele>3009</ele>
   </trkpt>
   <trkpt lat="39.242066" lon="-106.317914">
    <ele>3010</ele>
   </trkpt>
   <trkpt lat="39.242254" lon="-106.316036">
    <ele>3014</ele>
   </trkpt>
   <trkpt lat="39.242344" lon="-106.313718">
    <ele>3021</ele>
   </trkpt>
   <trkpt lat="39.242435" lon="-106.312712">
    <ele>3024</ele>
   </trkpt>
   <trkpt lat="39.24247" lon="-106.311473">
    <ele>3028</ele>
   </trkpt>
   <trkpt lat="39.24272" lon="-106.308005">
    <ele>3043</ele>
   </trkpt>
   <trkpt lat="39.242748" lon="-106.307888">
    <ele>3043</ele>
   </trkpt>
   <trkpt lat="39.243061" lon="-106.307646">
    <ele>3044</ele>
   </trkpt>
   <trkpt lat="39.243249" lon="-106.307601">
    <ele>3044</ele>
   </trkpt>
   <trkpt lat="39.24352" lon="-106.307376">
    <ele>3045</ele>
   </trkpt>
   <trkpt lat="39.243722" lon="-106.307071">
    <ele>3047</ele>
   </trkpt>
   <trkpt lat="39.244271" lon="-106.306918">
    <ele>3048</ele>
   </trkpt>
   <trkpt lat="39.245197" lon="-106.306927">
    <ele>3049</ele>
   </trkpt>
   <trkpt lat="39.245405" lon="-106.30681">
    <ele>3050</ele>
   </trkpt>
   <trkpt lat="39.24592" lon="-106.304583">
    <ele>3066</ele>
   </trkpt>
   <trkpt lat="39.246386" lon="-106.302516">
    <ele>3078</ele>
   </trkpt>
   <trkpt lat="39.246609" lon="-106.301699">
    <ele>3081</ele>
   </trkpt>
   <trkpt lat="39.24695" lon="-106.300082">
    <ele>3083</ele>
   </trkpt>
   <trkpt lat="39.247284" lon="-106.298465">
    <ele>3079</ele>
   </trkpt>
   <trkpt lat="39.247799" lon="-106.296129">
    <ele>3076</ele>
   </trkpt>
   <trkpt lat="39.248299" lon="-106.293776">
    <ele>3085</ele>
   </trkpt>
   <trkpt lat="39.248592" lon="-106.292707">
    <ele>3089</ele>
   </trkpt>
  </trkseg>
 </trk>
</gpx>
